Date,Open,High,Low,Close,Volume,Dividends,Stock Splits
2017-03-06,5.900000095367432,5.900000095367432,5.900000095367432,5.900000095367432,64,0,0
2017-03-07,5.900000095367432,5.900000095367432,5.900000095367432,5.900000095367432,0,0,0
2017-03-08,5.900000095367432,5.900000095367432,5.900000095367432,5.900000095367432,0,0,0
2017-03-09,5.949999809265137,5.949999809265137,5.949999809265137,5.949999809265137,350,0,0
2017-03-10,6.0,6.0,6.0,6.0,100,0,0
2017-03-13,6.0,6.0,6.0,6.0,0,0,0
2017-03-14,6.0,6.0,6.0,6.0,0,0,0
2017-03-15,6.199999809265137,6.199999809265137,6.119999885559082,6.119999885559082,1900,0,0
2017-03-16,6.119999885559082,6.119999885559082,6.119999885559082,6.119999885559082,300,0,0
2017-03-17,6.179999828338623,6.179999828338623,6.179999828338623,6.179999828338623,799,0,0
2017-03-20,6.179999828338623,6.179999828338623,6.179999828338623,6.179999828338623,0,0,0
2017-03-21,6.179999828338623,6.179999828338623,6.179999828338623,6.179999828338623,0,0,0
2017-03-22,6.179999828338623,6.179999828338623,6.179999828338623,6.179999828338623,0,0,0
2017-03-23,6.179999828338623,6.179999828338623,6.179999828338623,6.179999828338623,0,0,0
2017-03-24,6.179999828338623,6.179999828338623,6.179999828338623,6.179999828338623,0,0,0
2017-03-27,6.179999828338623,6.179999828338623,6.179999828338623,6.179999828338623,0,0,0
2017-03-28,6.179999828338623,6.179999828338623,6.179999828338623,6.179999828338623,0,0,0
2017-03-29,6.179999828338623,6.179999828338623,6.179999828338623,6.179999828338623,300,0,0
2017-03-30,6.239999771118164,6.239999771118164,6.239999771118164,6.239999771118164,100,0,0
2017-03-31,6.239999771118164,6.239999771118164,6.239999771118164,6.239999771118164,0,0,0
2017-04-03,6.239999771118164,6.239999771118164,6.239999771118164,6.239999771118164,0,0,0
2017-04-04,6.239999771118164,6.239999771118164,6.239999771118164,6.239999771118164,0,0,0
2017-04-05,6.239999771118164,6.239999771118164,6.239999771118164,6.239999771118164,0,0,0
2017-04-06,6.239999771118164,6.239999771118164,6.239999771118164,6.239999771118164,0,0,0
2017-04-07,6.239999771118164,6.239999771118164,6.239999771118164,6.239999771118164,0,0,0
2017-04-10,6.239999771118164,6.239999771118164,6.239999771118164,6.239999771118164,0,0,0
2017-04-11,6.239999771118164,6.239999771118164,6.239999771118164,6.239999771118164,0,0,0
2017-04-12,5.639999866485596,5.639999866485596,5.639999866485596,5.639999866485596,360,0,0
2017-04-13,5.639999866485596,5.639999866485596,5.639999866485596,5.639999866485596,0,0,0
2017-04-18,5.639999866485596,5.639999866485596,5.639999866485596,5.639999866485596,0,0,0
2017-04-19,5.949999809265137,5.949999809265137,5.949999809265137,5.949999809265137,200,0,0
2017-04-20,5.949999809265137,5.949999809265137,5.949999809265137,5.949999809265137,0,0,0
2017-04-21,5.949999809265137,5.949999809265137,5.949999809265137,5.949999809265137,0,0,0
2017-04-24,5.639999866485596,5.639999866485596,5.639999866485596,5.639999866485596,240,0,0
2017-04-25,5.78000020980835,5.78000020980835,5.78000020980835,5.78000020980835,150,0,0
2017-04-26,5.78000020980835,5.78000020980835,5.78000020980835,5.78000020980835,0,0,0
2017-04-27,5.78000020980835,5.78000020980835,5.78000020980835,5.78000020980835,0,0,0
2017-04-28,5.78000020980835,5.78000020980835,5.78000020980835,5.78000020980835,0,0,0
2017-05-02,5.78000020980835,5.78000020980835,5.78000020980835,5.78000020980835,0,0,0
2017-05-03,5.78000020980835,5.78000020980835,5.78000020980835,5.78000020980835,0,0,0
2017-05-04,5.630000114440918,5.630000114440918,5.630000114440918,5.630000114440918,500,0,0
2017-05-05,5.630000114440918,5.630000114440918,5.630000114440918,5.630000114440918,0,0,0
2017-05-08,5.630000114440918,5.630000114440918,5.630000114440918,5.630000114440918,0,0,0
2017-05-09,5.630000114440918,5.630000114440918,5.630000114440918,5.630000114440918,0,0,0
2017-05-10,5.630000114440918,5.630000114440918,5.630000114440918,5.630000114440918,0,0,0
2017-05-11,5.630000114440918,5.630000114440918,5.630000114440918,5.630000114440918,0,0,0
2017-05-12,5.630000114440918,5.630000114440918,5.630000114440918,5.630000114440918,0,0,0
2017-05-15,5.630000114440918,5.630000114440918,5.630000114440918,5.630000114440918,0,0,0
2017-05-16,5.630000114440918,5.630000114440918,5.630000114440918,5.630000114440918,0,0,0
2017-05-17,5.630000114440918,5.630000114440918,5.630000114440918,5.630000114440918,1700,0,0
2017-05-18,5.630000114440918,5.630000114440918,5.630000114440918,5.630000114440918,0,0,0
2017-05-19,5.630000114440918,5.630000114440918,5.630000114440918,5.630000114440918,0,0,0
2017-05-22,5.630000114440918,5.630000114440918,5.630000114440918,5.630000114440918,0,0,0
2017-05-23,5.619999885559082,5.619999885559082,5.619999885559082,5.619999885559082,440,0,0
2017-05-24,5.619999885559082,5.619999885559082,5.619999885559082,5.619999885559082,0,0,0
2017-05-25,5.650000095367432,5.650000095367432,5.650000095367432,5.650000095367432,500,0,0
2017-05-26,5.789999961853027,5.789999961853027,5.789999961853027,5.789999961853027,750,0,0
2017-05-29,5.78000020980835,5.78000020980835,5.78000020980835,5.78000020980835,4485,0,0
2017-05-30,5.78000020980835,5.78000020980835,5.78000020980835,5.78000020980835,0,0,0
2017-05-31,5.78000020980835,5.78000020980835,5.78000020980835,5.78000020980835,0,0,0
2017-06-01,5.989999771118164,5.989999771118164,5.989999771118164,5.989999771118164,100,0,0
2017-06-02,5.980000019073486,5.980000019073486,5.980000019073486,5.980000019073486,401,0,0
2017-06-05,5.619999885559082,6.0,5.619999885559082,6.0,648,0,0
2017-06-06,6.0,6.0,6.0,6.0,1160,0,0
2017-06-07,6.0,6.0,6.0,6.0,400,0,0
2017-06-08,6.0,6.0,6.0,6.0,437,0,0
2017-06-09,6.25,6.25,6.25,6.25,300,0,0
2017-06-12,6.25,6.25,6.25,6.25,0,0,0
2017-06-13,6.25,6.25,6.25,6.25,0,0,0
2017-06-14,6.25,6.25,6.25,6.25,0,0,0
2017-06-15,6.400000095367432,6.400000095367432,6.400000095367432,6.400000095367432,400,0,0
2017-06-16,6.400000095367432,6.400000095367432,6.400000095367432,6.400000095367432,300,0,0
2017-06-19,6.400000095367432,6.400000095367432,6.400000095367432,6.400000095367432,0,0,0
2017-06-20,6.400000095367432,6.400000095367432,6.400000095367432,6.400000095367432,0,0,0
2017-06-21,6.389999866485596,6.389999866485596,6.389999866485596,6.389999866485596,10,0,0
2017-06-22,5.75,5.75,5.75,5.75,1104,0,0
2017-06-23,5.75,5.75,5.75,5.75,0,0,0
2017-06-26,5.75,5.75,5.75,5.75,0,0,0
2017-06-27,5.75,5.75,5.75,5.75,0,0,0
2017-06-28,5.800000190734863,5.800000190734863,5.800000190734863,5.800000190734863,400,0,0
2017-06-29,5.800000190734863,5.800000190734863,5.800000190734863,5.800000190734863,0,0,0
2017-06-30,5.800000190734863,5.800000190734863,5.800000190734863,5.800000190734863,0,0,0
2017-07-03,5.800000190734863,5.800000190734863,5.800000190734863,5.800000190734863,0,0,0
2017-07-04,5.800000190734863,5.800000190734863,5.800000190734863,5.800000190734863,0,0,0
2017-07-05,5.800000190734863,5.800000190734863,5.800000190734863,5.800000190734863,0,0,0
2017-07-06,5.800000190734863,5.800000190734863,5.800000190734863,5.800000190734863,0,0,0
2017-07-07,5.800000190734863,5.800000190734863,5.800000190734863,5.800000190734863,0,0,0
2017-07-10,5.800000190734863,5.800000190734863,5.800000190734863,5.800000190734863,0,0,0
2017-07-11,6.0,6.0,6.0,6.0,338,0,0
2017-07-12,6.0,6.0,6.0,6.0,0,0,0
2017-07-13,5.849999904632568,5.849999904632568,5.849999904632568,5.849999904632568,483,0,0
2017-07-14,5.849999904632568,5.849999904632568,5.809999942779541,5.809999942779541,517,0,0
2017-07-17,6.0,6.0,6.0,6.0,200,0,0
2017-07-18,6.539999961853027,6.539999961853027,6.539999961853027,6.539999961853027,1000,0,0
2017-07-19,7.0,7.0,7.0,7.0,1805,0,0
2017-07-20,6.900000095367432,6.900000095367432,6.900000095367432,6.900000095367432,211,0,0
2017-07-21,6.900000095367432,6.900000095367432,6.900000095367432,6.900000095367432,0,0,0
2017-07-24,6.800000190734863,7.010000228881836,6.800000190734863,7.010000228881836,1512,0,0
2017-07-25,7.0,7.0,7.0,7.0,580,0,0
2017-07-26,7.849999904632568,7.849999904632568,7.849999904632568,7.849999904632568,1159,0,0
2017-07-27,7.929999828338623,8.199999809265137,7.929999828338623,8.199999809265137,2137,0,0
2017-07-28,9.0,9.0,9.0,9.0,1000,0,0
2017-07-31,8.699999809265137,8.699999809265137,8.699999809265137,8.699999809265137,640,0,0
2017-08-01,7.989999771118164,7.989999771118164,7.929999828338623,7.929999828338623,414,0,0
2017-08-02,7.929999828338623,7.929999828338623,7.929999828338623,7.929999828338623,0,0,0
2017-08-03,7.929999828338623,7.929999828338623,7.929999828338623,7.929999828338623,0,0,0
2017-08-04,7.929999828338623,7.929999828338623,7.929999828338623,7.929999828338623,0,0,0
2017-08-07,7.929999828338623,7.929999828338623,7.929999828338623,7.929999828338623,0,0,0
2017-08-08,7.889999866485596,7.889999866485596,7.300000190734863,7.300000190734863,119,0,0
2017-08-09,7.409999847412109,7.409999847412109,7.119999885559082,7.119999885559082,1410,0,0
2017-08-10,7.119999885559082,7.119999885559082,7.119999885559082,7.119999885559082,1154,0,0
2017-08-11,7.119999885559082,7.119999885559082,7.119999885559082,7.119999885559082,450,0,0
2017-08-14,7.019999980926514,7.019999980926514,7.019999980926514,7.019999980926514,200,0,0
2017-08-15,7.119999885559082,7.119999885559082,7.119999885559082,7.119999885559082,95,0,0
2017-08-16,7.019999980926514,7.019999980926514,7.019999980926514,7.019999980926514,900,0,0
2017-08-17,7.019999980926514,7.019999980926514,7.019999980926514,7.019999980926514,0,0,0
2017-08-18,7.130000114440918,7.130000114440918,7.130000114440918,7.130000114440918,800,0,0
2017-08-21,7.139999866485596,7.139999866485596,7.139999866485596,7.139999866485596,500,0,0
2017-08-22,7.050000190734863,7.050000190734863,7.050000190734863,7.050000190734863,800,0,0
2017-08-23,7.019999980926514,7.019999980926514,7.0,7.0,415,0,0
2017-08-24,7.059999942779541,7.059999942779541,7.059999942779541,7.059999942779541,150,0,0
2017-08-25,7.059999942779541,7.059999942779541,7.059999942779541,7.059999942779541,168,0,0
2017-08-28,7.300000190734863,7.300000190734863,7.300000190734863,7.300000190734863,100,0,0
2017-08-29,7.300000190734863,7.300000190734863,7.300000190734863,7.300000190734863,0,0,0
2017-08-30,7.300000190734863,7.300000190734863,7.300000190734863,7.300000190734863,0,0,0
2017-08-31,7.300000190734863,7.300000190734863,7.300000190734863,7.300000190734863,0,0,0
2017-09-01,7.300000190734863,7.300000190734863,7.300000190734863,7.300000190734863,0,0,0
2017-09-04,7.300000190734863,7.300000190734863,7.300000190734863,7.300000190734863,0,0,0
2017-09-05,7.300000190734863,7.300000190734863,7.300000190734863,7.300000190734863,0,0,0
2017-09-06,7.300000190734863,7.300000190734863,7.300000190734863,7.300000190734863,0,0,0
2017-09-07,7.0,7.0,7.0,7.0,639,0,0
2017-09-08,6.760000228881836,6.760000228881836,6.760000228881836,6.760000228881836,1100,0,0
2017-09-11,6.75,6.75,6.75,6.75,250,0,0
2017-09-12,6.75,6.75,6.75,6.75,0,0,0
2017-09-13,6.71999979019165,6.71999979019165,6.71999979019165,6.71999979019165,131,0,0
2017-09-14,6.5,6.5,6.5,6.5,600,0,0
2017-09-15,6.5,6.5,6.5,6.5,200,0,0
2017-09-18,6.5,6.5,6.5,6.5,0,0,0
2017-09-19,6.5,6.5,6.5,6.5,0,0,0
2017-09-20,6.5,6.5,6.5,6.5,0,0,0
2017-09-21,6.5,6.5,6.5,6.5,100,0,0
2017-09-22,6.5,6.5,6.5,6.5,0,0,0
2017-09-25,6.5,6.5,6.5,6.5,0,0,0
2017-09-26,6.510000228881836,6.510000228881836,6.510000228881836,6.510000228881836,891,0,0
2017-09-27,6.510000228881836,6.510000228881836,6.510000228881836,6.510000228881836,0,0,0
2017-09-28,6.5,6.5,6.5,6.5,8,0,0
2017-09-29,6.5,6.5,6.5,6.5,0,0,0
2017-10-02,6.5,6.5,6.5,6.5,0,0,0
2017-10-03,6.5,6.5,6.5,6.5,500,0,0
2017-10-04,6.510000228881836,6.510000228881836,6.510000228881836,6.510000228881836,10,0,0
2017-10-05,6.510000228881836,6.510000228881836,6.510000228881836,6.510000228881836,0,0,0
2017-10-06,6.53000020980835,6.53000020980835,6.53000020980835,6.53000020980835,16,0,0
2017-10-09,6.550000190734863,6.550000190734863,6.550000190734863,6.550000190734863,24,0,0
2017-10-10,6.550000190734863,6.550000190734863,6.550000190734863,6.550000190734863,0,0,0
2017-10-11,6.510000228881836,6.510000228881836,6.510000228881836,6.510000228881836,150,0,0
2017-10-12,6.510000228881836,6.510000228881836,6.510000228881836,6.510000228881836,0,0,0
2017-10-13,6.550000190734863,6.550000190734863,6.550000190734863,6.550000190734863,600,0,0
2017-10-16,6.550000190734863,6.550000190734863,6.550000190734863,6.550000190734863,0,0,0
2017-10-17,6.550000190734863,6.550000190734863,6.550000190734863,6.550000190734863,0,0,0
2017-10-18,6.550000190734863,6.550000190734863,6.550000190734863,6.550000190734863,0,0,0
2017-10-19,6.559999942779541,6.559999942779541,6.559999942779541,6.559999942779541,522,0,0
2017-10-20,6.559999942779541,6.559999942779541,6.559999942779541,6.559999942779541,0,0,0
2017-10-23,6.559999942779541,6.559999942779541,6.559999942779541,6.559999942779541,0,0,0
2017-10-24,6.559999942779541,6.559999942779541,6.559999942779541,6.559999942779541,250,0,0
2017-10-25,6.559999942779541,6.559999942779541,6.559999942779541,6.559999942779541,0,0,0
2017-10-26,6.559999942779541,6.559999942779541,6.559999942779541,6.559999942779541,0,0,0
2017-10-27,6.559999942779541,6.559999942779541,6.53000020980835,6.53000020980835,156,0,0
2017-10-30,6.570000171661377,6.570000171661377,6.570000171661377,6.570000171661377,350,0,0
2017-10-31,6.570000171661377,6.570000171661377,6.570000171661377,6.570000171661377,0,0,0
2017-11-01,6.570000171661377,6.570000171661377,6.570000171661377,6.570000171661377,0,0,0
2017-11-02,6.5,6.5,6.5,6.5,200,0,0
2017-11-03,6.5,6.5,6.5,6.5,0,0,0
2017-11-06,6.96999979019165,6.96999979019165,6.96999979019165,6.96999979019165,700,0,0
2017-11-07,6.949999809265137,6.949999809265137,6.949999809265137,6.949999809265137,861,0,0
2017-11-08,6.949999809265137,6.949999809265137,6.949999809265137,6.949999809265137,0,0,0
2017-11-09,6.650000095367432,6.650000095367432,6.650000095367432,6.650000095367432,150,0,0
2017-11-10,6.650000095367432,6.650000095367432,6.650000095367432,6.650000095367432,0,0,0
2017-11-13,6.650000095367432,6.650000095367432,6.650000095367432,6.650000095367432,0,0,0
2017-11-14,6.889999866485596,6.889999866485596,6.889999866485596,6.889999866485596,149,0,0
2017-11-15,6.889999866485596,6.889999866485596,6.889999866485596,6.889999866485596,0,0,0
2017-11-16,6.889999866485596,6.889999866485596,6.889999866485596,6.889999866485596,0,0,0
2017-11-17,6.889999866485596,6.889999866485596,6.889999866485596,6.889999866485596,0,0,0
2017-11-20,6.5,6.699999809265137,6.5,6.699999809265137,1075,0,0
2017-11-21,6.949999809265137,6.949999809265137,6.949999809265137,6.949999809265137,2403,0,0
2017-11-22,6.949999809265137,6.949999809265137,6.949999809265137,6.949999809265137,0,0,0
2017-11-23,6.949999809265137,6.949999809265137,6.949999809265137,6.949999809265137,0,0,0
2017-11-24,6.949999809265137,6.949999809265137,6.949999809265137,6.949999809265137,0,0,0
2017-11-27,6.949999809265137,6.949999809265137,6.949999809265137,6.949999809265137,0,0,0
2017-11-28,6.949999809265137,6.949999809265137,6.949999809265137,6.949999809265137,0,0,0
2017-11-29,6.949999809265137,6.949999809265137,6.949999809265137,6.949999809265137,0,0,0
2017-11-30,6.949999809265137,6.949999809265137,6.949999809265137,6.949999809265137,0,0,0
2017-12-01,6.949999809265137,6.949999809265137,6.949999809265137,6.949999809265137,0,0,0
2017-12-04,6.949999809265137,6.949999809265137,6.949999809265137,6.949999809265137,0,0,0
2017-12-05,6.949999809265137,6.949999809265137,6.949999809265137,6.949999809265137,0,0,0
2017-12-06,6.949999809265137,6.949999809265137,6.949999809265137,6.949999809265137,0,0,0
2017-12-07,6.949999809265137,6.949999809265137,6.949999809265137,6.949999809265137,0,0,0
2017-12-08,6.880000114440918,6.900000095367432,6.880000114440918,6.900000095367432,1607,0,0
2017-12-11,6.900000095367432,6.900000095367432,6.900000095367432,6.900000095367432,0,0,0
2017-12-12,6.900000095367432,6.900000095367432,6.900000095367432,6.900000095367432,0,0,0
2017-12-13,6.900000095367432,6.900000095367432,6.900000095367432,6.900000095367432,0,0,0
2017-12-14,6.900000095367432,6.900000095367432,6.900000095367432,6.900000095367432,0,0,0
2017-12-15,6.900000095367432,6.900000095367432,6.900000095367432,6.900000095367432,0,0,0
2017-12-18,6.550000190734863,6.550000190734863,6.550000190734863,6.550000190734863,275,0,0
2017-12-19,6.510000228881836,6.510000228881836,6.510000228881836,6.510000228881836,120,0,0
2017-12-20,6.510000228881836,6.510000228881836,6.510000228881836,6.510000228881836,0,0,0
2017-12-21,6.510000228881836,6.510000228881836,6.510000228881836,6.510000228881836,0,0,0
2017-12-22,6.909999847412109,6.960000038146973,6.909999847412109,6.960000038146973,9929,0,0
2017-12-27,6.960000038146973,6.960000038146973,6.960000038146973,6.960000038146973,0,0,0
2017-12-28,6.960000038146973,6.960000038146973,6.960000038146973,6.960000038146973,0,0,0
2017-12-29,7.5,7.5,7.429999828338623,7.429999828338623,300,0,0
2018-01-02,7.429999828338623,7.429999828338623,7.429999828338623,7.429999828338623,0,0,0
2018-01-03,7.429999828338623,7.429999828338623,7.429999828338623,7.429999828338623,0,0,0
2018-01-04,7.5,7.5,7.5,7.5,400,0,0
2018-01-05,7.099999904632568,7.099999904632568,7.099999904632568,7.099999904632568,240,0,0
2018-01-08,7.099999904632568,7.099999904632568,7.0,7.0,500,0,0
2018-01-09,7.0,7.0,7.0,7.0,16,0,0
2018-01-10,7.0,7.0,7.0,7.0,269,0,0
2018-01-11,7.0,7.0,7.0,7.0,326,0,0
2018-01-12,7.0,7.0,7.0,7.0,0,0,0
2018-01-15,7.5,7.5,7.5,7.5,299,0,0
2018-01-16,7.5,7.5,7.5,7.5,0,0,0
2018-01-17,7.5,7.5,7.5,7.5,0,0,0
2018-01-18,7.0,7.0,7.0,7.0,700,0,0
2018-01-19,7.0,7.0,7.0,7.0,500,0,0
2018-01-22,6.949999809265137,6.949999809265137,6.949999809265137,6.949999809265137,500,0,0
2018-01-23,6.949999809265137,6.949999809265137,6.949999809265137,6.949999809265137,290,0,0
2018-01-24,6.949999809265137,6.949999809265137,6.550000190734863,6.550000190734863,592,0,0
2018-01-25,6.5,6.5,6.5,6.5,500,0,0
2018-01-26,6.550000190734863,6.550000190734863,6.550000190734863,6.550000190734863,500,0,0
2018-01-29,6.550000190734863,6.550000190734863,6.449999809265137,6.449999809265137,800,0,0
2018-01-30,6.449999809265137,6.449999809265137,6.449999809265137,6.449999809265137,0,0,0
2018-01-31,6.449999809265137,6.449999809265137,6.449999809265137,6.449999809265137,500,0,0
2018-02-01,6.449999809265137,6.449999809265137,6.449999809265137,6.449999809265137,0,0,0
2018-02-02,6.449999809265137,6.449999809265137,6.449999809265137,6.449999809265137,0,0,0
2018-02-05,6.449999809265137,6.449999809265137,6.449999809265137,6.449999809265137,0,0,0
2018-02-06,5.949999809265137,5.949999809265137,5.949999809265137,5.949999809265137,1451,0,0
2018-02-07,5.949999809265137,5.949999809265137,5.949999809265137,5.949999809265137,0,0,0
2018-02-08,6.5,6.5,6.5,6.5,600,0,0
2018-02-09,6.5,6.5,6.5,6.5,0,0,0
2018-02-12,6.5,6.5,6.5,6.5,0,0,0
2018-02-13,6.5,6.5,6.5,6.5,0,0,0
2018-02-14,6.900000095367432,6.900000095367432,6.900000095367432,6.900000095367432,200,0,0
2018-02-15,6.900000095367432,6.900000095367432,6.900000095367432,6.900000095367432,0,0,0
2018-02-16,6.900000095367432,6.900000095367432,6.900000095367432,6.900000095367432,0,0,0
2018-02-19,6.900000095367432,6.900000095367432,6.900000095367432,6.900000095367432,0,0,0
2018-02-20,6.900000095367432,6.900000095367432,6.900000095367432,6.900000095367432,0,0,0
2018-02-21,6.900000095367432,6.900000095367432,6.900000095367432,6.900000095367432,0,0,0
2018-02-22,6.349999904632568,6.349999904632568,6.349999904632568,6.349999904632568,20,0,0
2018-02-23,6.349999904632568,6.349999904632568,6.349999904632568,6.349999904632568,0,0,0
2018-02-26,6.349999904632568,6.349999904632568,6.349999904632568,6.349999904632568,0,0,0
2018-02-27,6.349999904632568,6.349999904632568,6.349999904632568,6.349999904632568,0,0,0
2018-02-28,6.599999904632568,6.599999904632568,6.599999904632568,6.599999904632568,200,0,0
2018-03-01,6.349999904632568,6.349999904632568,6.349999904632568,6.349999904632568,1000,0,0
2018-03-02,6.199999809265137,6.199999809265137,6.199999809265137,6.199999809265137,200,0,0
2018-03-05,6.199999809265137,6.199999809265137,6.199999809265137,6.199999809265137,0,0,0
2018-03-06,6.199999809265137,6.199999809265137,6.199999809265137,6.199999809265137,0,0,0
2018-03-07,6.25,6.25,6.25,6.25,250,0,0
2018-03-08,6.25,6.25,6.25,6.25,0,0,0
2018-03-09,6.25,6.300000190734863,6.25,6.300000190734863,500,0,0
2018-03-12,6.300000190734863,6.300000190734863,6.300000190734863,6.300000190734863,0,0,0
2018-03-13,6.400000095367432,6.400000095367432,6.400000095367432,6.400000095367432,300,0,0
2018-03-14,6.400000095367432,6.400000095367432,6.400000095367432,6.400000095367432,0,0,0
2018-03-15,6.25,6.25,6.25,6.25,300,0,0
2018-03-16,6.849999904632568,6.849999904632568,6.849999904632568,6.849999904632568,1070,0,0
2018-03-19,6.849999904632568,6.849999904632568,6.849999904632568,6.849999904632568,0,0,0
2018-03-20,6.849999904632568,6.849999904632568,6.849999904632568,6.849999904632568,0,0,0
2018-03-21,6.550000190734863,6.550000190734863,6.550000190734863,6.550000190734863,69,0,0
2018-03-22,6.550000190734863,6.550000190734863,6.550000190734863,6.550000190734863,0,0,0
2018-03-23,6.550000190734863,6.550000190734863,6.550000190734863,6.550000190734863,0,0,0
2018-03-26,6.550000190734863,6.550000190734863,6.550000190734863,6.550000190734863,0,0,0
2018-03-27,6.550000190734863,6.550000190734863,6.550000190734863,6.550000190734863,0,0,0
2018-03-28,6.550000190734863,6.550000190734863,6.550000190734863,6.550000190734863,177,0,0
2018-03-29,6.550000190734863,6.550000190734863,6.550000190734863,6.550000190734863,0,0,0
2018-04-03,6.550000190734863,6.550000190734863,6.550000190734863,6.550000190734863,0,0,0
2018-04-04,6.199999809265137,6.199999809265137,6.199999809265137,6.199999809265137,574,0,0
2018-04-05,6.199999809265137,6.199999809265137,6.199999809265137,6.199999809265137,0,0,0
2018-04-06,6.199999809265137,6.199999809265137,6.199999809265137,6.199999809265137,0,0,0
2018-04-09,6.349999904632568,6.349999904632568,6.349999904632568,6.349999904632568,80,0,0
2018-04-10,6.349999904632568,6.349999904632568,6.349999904632568,6.349999904632568,0,0,0
2018-04-11,6.349999904632568,6.349999904632568,6.349999904632568,6.349999904632568,0,0,0
2018-04-12,6.349999904632568,6.349999904632568,6.349999904632568,6.349999904632568,0,0,0
2018-04-13,6.349999904632568,6.349999904632568,6.349999904632568,6.349999904632568,0,0,0
2018-04-16,6.349999904632568,6.349999904632568,6.349999904632568,6.349999904632568,856,0,0
2018-04-17,6.349999904632568,6.349999904632568,6.349999904632568,6.349999904632568,0,0,0
2018-04-18,6.349999904632568,6.349999904632568,6.349999904632568,6.349999904632568,0,0,0
2018-04-19,6.349999904632568,6.349999904632568,6.349999904632568,6.349999904632568,0,0,0
2018-04-20,6.349999904632568,6.349999904632568,6.349999904632568,6.349999904632568,0,0,0
2018-04-23,6.349999904632568,6.349999904632568,6.349999904632568,6.349999904632568,0,0,0
2018-04-24,6.349999904632568,6.349999904632568,6.349999904632568,6.349999904632568,0,0,0
2018-04-25,6.349999904632568,6.349999904632568,6.349999904632568,6.349999904632568,0,0,0
2018-04-26,6.349999904632568,6.349999904632568,6.349999904632568,6.349999904632568,0,0,0
2018-04-27,6.349999904632568,6.349999904632568,6.349999904632568,6.349999904632568,0,0,0
2018-04-30,6.0,6.0,6.0,6.0,166,0,0
2018-05-02,6.0,6.0,6.0,6.0,1300,0,0
2018-05-03,6.5,6.5,6.5,6.5,930,0,0
2018-05-04,6.0,6.0,6.0,6.0,1267,0,0
2018-05-07,6.349999904632568,6.349999904632568,6.0,6.0,813,0,0
2018-05-08,6.349999904632568,6.349999904632568,6.0,6.0,1630,0,0
2018-05-09,6.0,6.0,6.0,6.0,3500,0,0
2018-05-10,6.0,6.0,6.0,6.0,585,0,0
2018-05-11,6.0,6.0,6.0,6.0,762,0,0
2018-05-14,6.0,6.0,6.0,6.0,515,0,0
2018-05-15,6.0,6.0,6.0,6.0,998,0,0
2018-05-16,6.0,6.0,6.0,6.0,2502,0,0
2018-05-17,6.0,6.0,6.0,6.0,500,0,0
2018-05-18,6.0,6.0,6.0,6.0,966,0,0
2018-05-21,5.949999809265137,6.0,5.949999809265137,6.0,655,0,0
2018-05-22,6.0,6.0,6.0,6.0,395,0,0
2018-05-23,6.0,6.0,6.0,6.0,1496,0,0
2018-05-24,6.0,6.0,6.0,6.0,498,0,0
2018-05-25,6.0,6.0,6.0,6.0,998,0,0
2018-05-28,6.0,6.0,6.0,6.0,2272,0,0
2018-05-29,6.0,6.0,6.0,6.0,3910,0,0
2018-05-30,6.0,6.0,6.0,6.0,0,0,0
2018-05-31,6.0,6.0,6.0,6.0,0,0,0
2018-06-01,6.0,6.0,6.0,6.0,334,0,0
2018-06-04,6.0,6.0,6.0,6.0,507,0,0
2018-06-05,6.0,6.0,6.0,6.0,0,0,0
2018-06-06,6.0,6.0,6.0,6.0,0,0,0
2018-06-07,6.0,6.0,6.0,6.0,0,0,0
2018-06-08,5.800000190734863,5.800000190734863,5.800000190734863,5.800000190734863,510,0,0
2018-06-11,6.0,6.0,5.849999904632568,5.849999904632568,3128,0,0
2018-06-12,5.800000190734863,5.800000190734863,5.800000190734863,5.800000190734863,500,0,0
2018-06-13,5.699999809265137,5.699999809265137,5.699999809265137,5.699999809265137,1000,0,0
2018-06-14,5.699999809265137,5.699999809265137,5.699999809265137,5.699999809265137,810,0,0
2018-06-15,5.699999809265137,5.699999809265137,5.699999809265137,5.699999809265137,500,0,0
2018-06-18,5.650000095367432,5.650000095367432,5.5,5.5,2312,0,0
2018-06-19,5.550000190734863,5.550000190734863,5.550000190734863,5.550000190734863,500,0,0
2018-06-20,5.550000190734863,5.550000190734863,5.550000190734863,5.550000190734863,0,0,0
2018-06-21,5.550000190734863,5.550000190734863,5.550000190734863,5.550000190734863,0,0,0
2018-06-22,5.550000190734863,5.550000190734863,5.550000190734863,5.550000190734863,500,0,0
2018-06-25,5.550000190734863,5.550000190734863,5.550000190734863,5.550000190734863,0,0,0
2018-06-26,5.599999904632568,5.599999904632568,5.5,5.5,1475,0,0
2018-06-27,5.5,5.5,5.5,5.5,0,0,0
2018-06-28,5.5,5.5,5.5,5.5,0,0,0
2018-06-29,5.5,5.5,5.5,5.5,0,0,0
2018-07-02,5.5,5.5,5.5,5.5,0,0,0
2018-07-03,5.650000095367432,5.650000095367432,5.650000095367432,5.650000095367432,500,0,0
2018-07-04,5.699999809265137,5.699999809265137,5.699999809265137,5.699999809265137,1256,0,0
2018-07-05,5.849999904632568,5.900000095367432,5.849999904632568,5.900000095367432,4225,0,0
2018-07-06,5.900000095367432,5.900000095367432,5.900000095367432,5.900000095367432,0,0,0
2018-07-09,5.900000095367432,5.900000095367432,5.900000095367432,5.900000095367432,0,0,0
2018-07-10,5.75,5.75,5.75,5.75,220,0,0
2018-07-11,5.75,5.75,5.75,5.75,0,0,0
2018-07-12,5.75,5.75,5.75,5.75,0,0,0
2018-07-13,5.75,5.75,5.75,5.75,0,0,0
2018-07-16,5.75,5.75,5.75,5.75,0,0,0
2018-07-17,5.75,5.75,5.75,5.75,0,0,0
2018-07-18,5.75,5.75,5.75,5.75,0,0,0
2018-07-19,5.75,5.75,5.75,5.75,0,0,0
2018-07-20,5.75,5.75,5.75,5.75,0,0,0
2018-07-23,5.75,5.75,5.75,5.75,0,0,0
2018-07-24,5.75,5.75,5.75,5.75,0,0,0
2018-07-25,5.75,5.75,5.75,5.75,0,0,0
2018-07-26,5.75,5.75,5.75,5.75,0,0,0
2018-07-27,5.75,5.75,5.75,5.75,0,0,0
2018-07-30,5.75,5.75,5.75,5.75,0,0,0
2018-07-31,5.75,5.75,5.75,5.75,0,0,0
2018-08-01,5.75,5.75,5.75,5.75,0,0,0
2018-08-02,5.75,5.75,5.75,5.75,0,0,0
2018-08-03,5.75,5.75,5.75,5.75,0,0,0
2018-08-06,5.75,5.75,5.75,5.75,0,0,0
2018-08-07,5.75,5.75,5.75,5.75,0,0,0
2018-08-08,5.75,5.75,5.75,5.75,0,0,0
2018-08-09,5.75,5.75,5.75,5.75,0,0,0
2018-08-10,5.75,5.75,5.75,5.75,0,0,0
2018-08-13,5.75,5.75,5.75,5.75,0,0,0
2018-08-14,6.300000190734863,6.300000190734863,6.300000190734863,6.300000190734863,10,0,0
2018-08-15,6.300000190734863,6.300000190734863,6.300000190734863,6.300000190734863,0,0,0
2018-08-16,6.300000190734863,6.300000190734863,6.300000190734863,6.300000190734863,0,0,0
2018-08-17,6.900000095367432,6.900000095367432,6.900000095367432,6.900000095367432,1,0,0
2018-08-20,6.900000095367432,6.900000095367432,6.900000095367432,6.900000095367432,0,0,0
2018-08-21,6.900000095367432,6.900000095367432,6.900000095367432,6.900000095367432,0,0,0
2018-08-22,6.449999809265137,6.449999809265137,6.449999809265137,6.449999809265137,3000,0,0
2018-08-23,6.550000190734863,6.550000190734863,6.550000190734863,6.550000190734863,2500,0,0
2018-08-24,6.0,6.099999904632568,6.0,6.099999904632568,1966,0,0
2018-08-27,6.099999904632568,6.099999904632568,6.099999904632568,6.099999904632568,254,0,0
2018-08-28,6.099999904632568,6.099999904632568,6.099999904632568,6.099999904632568,549,0,0
2018-08-29,6.050000190734863,6.050000190734863,6.0,6.0,550,0,0
2018-08-30,6.0,6.0,6.0,6.0,0,0,0
2018-08-31,6.0,6.0,6.0,6.0,0,0,0
2018-09-03,6.0,6.0,6.0,6.0,0,0,0
2018-09-04,6.0,6.0,6.0,6.0,0,0,0
2018-09-05,6.0,6.0,6.0,6.0,0,0,0
2018-09-06,6.0,6.0,6.0,6.0,1400,0,0
2018-09-07,6.099999904632568,6.099999904632568,6.099999904632568,6.099999904632568,100,0,0
2018-09-10,6.099999904632568,6.099999904632568,6.099999904632568,6.099999904632568,0,0,0
2018-09-11,5.800000190734863,5.800000190734863,5.800000190734863,5.800000190734863,1817,0,0
2018-09-12,5.800000190734863,5.800000190734863,5.800000190734863,5.800000190734863,0,0,0
2018-09-13,5.800000190734863,5.800000190734863,5.800000190734863,5.800000190734863,0,0,0
2018-09-14,5.800000190734863,5.800000190734863,5.800000190734863,5.800000190734863,0,0,0
2018-09-17,5.800000190734863,5.800000190734863,5.800000190734863,5.800000190734863,0,0,0
2018-09-18,5.800000190734863,5.800000190734863,5.800000190734863,5.800000190734863,0,0,0
2018-09-19,5.800000190734863,5.800000190734863,5.800000190734863,5.800000190734863,0,0,0
2018-09-20,5.800000190734863,5.800000190734863,5.800000190734863,5.800000190734863,0,0,0
2018-09-21,6.099999904632568,6.099999904632568,6.099999904632568,6.099999904632568,2671,0,0
2018-09-24,6.099999904632568,6.099999904632568,6.099999904632568,6.099999904632568,0,0,0
2018-09-25,6.099999904632568,6.099999904632568,6.099999904632568,6.099999904632568,0,0,0
2018-09-26,6.099999904632568,6.099999904632568,6.099999904632568,6.099999904632568,0,0,0
2018-09-27,5.849999904632568,5.849999904632568,5.849999904632568,5.849999904632568,27,0,0
2018-09-28,5.849999904632568,5.849999904632568,5.849999904632568,5.849999904632568,0,0,0
2018-10-01,5.849999904632568,5.849999904632568,5.849999904632568,5.849999904632568,0,0,0
2018-10-02,5.900000095367432,5.900000095367432,5.900000095367432,5.900000095367432,248,0,0
2018-10-03,6.099999904632568,6.099999904632568,6.099999904632568,6.099999904632568,213,0,0
2018-10-04,6.099999904632568,6.099999904632568,6.099999904632568,6.099999904632568,0,0,0
2018-10-05,6.099999904632568,6.099999904632568,6.099999904632568,6.099999904632568,0,0,0
2018-10-08,6.099999904632568,6.099999904632568,6.099999904632568,6.099999904632568,0,0,0
2018-10-09,6.099999904632568,6.099999904632568,6.099999904632568,6.099999904632568,0,0,0
2018-10-10,6.099999904632568,6.099999904632568,6.099999904632568,6.099999904632568,0,0,0
2018-10-11,6.099999904632568,6.099999904632568,6.099999904632568,6.099999904632568,0,0,0
2018-10-12,6.099999904632568,6.099999904632568,6.099999904632568,6.099999904632568,0,0,0
2018-10-15,6.099999904632568,6.099999904632568,6.099999904632568,6.099999904632568,0,0,0
2018-10-16,5.900000095367432,5.900000095367432,5.900000095367432,5.900000095367432,1000,0,0
2018-10-17,5.900000095367432,5.900000095367432,5.900000095367432,5.900000095367432,0,0,0
2018-10-18,5.900000095367432,5.900000095367432,5.900000095367432,5.900000095367432,0,0,0
2018-10-19,5.849999904632568,5.849999904632568,5.849999904632568,5.849999904632568,74,0,0
2018-10-22,5.849999904632568,5.849999904632568,5.849999904632568,5.849999904632568,0,0,0
2018-10-23,5.849999904632568,5.849999904632568,5.849999904632568,5.849999904632568,0,0,0
2018-10-24,5.849999904632568,5.849999904632568,5.849999904632568,5.849999904632568,0,0,0
2018-10-25,5.849999904632568,5.849999904632568,5.849999904632568,5.849999904632568,0,0,0
2018-10-26,5.849999904632568,5.849999904632568,5.849999904632568,5.849999904632568,0,0,0
2018-10-29,5.5,5.5,5.5,5.5,800,0,0
2018-10-30,5.849999904632568,5.849999904632568,5.849999904632568,5.849999904632568,676,0,0
2018-10-31,5.849999904632568,5.849999904632568,5.849999904632568,5.849999904632568,0,0,0
2018-11-01,5.849999904632568,5.849999904632568,5.849999904632568,5.849999904632568,0,0,0
2018-11-02,5.849999904632568,5.849999904632568,5.849999904632568,5.849999904632568,0,0,0
2018-11-05,5.849999904632568,5.849999904632568,5.849999904632568,5.849999904632568,0,0,0
2018-11-06,5.75,5.75,5.75,5.75,800,0,0
2018-11-07,5.75,5.75,5.75,5.75,0,0,0
2018-11-08,5.75,5.75,5.75,5.75,0,0,0
2018-11-09,5.75,5.75,5.75,5.75,33,0,0
2018-11-12,5.75,5.75,5.75,5.75,6567,0,0
2018-11-13,5.75,5.75,5.75,5.75,0,0,0
2018-11-14,5.75,5.75,5.75,5.75,0,0,0
2018-11-15,5.75,5.75,5.75,5.75,0,0,0
2018-11-16,5.75,5.75,5.75,5.75,0,0,0
2018-11-19,5.75,5.75,5.75,5.75,0,0,0
2018-11-20,5.75,5.75,5.75,5.75,0,0,0
2018-11-21,5.75,5.75,5.75,5.75,0,0,0
2018-11-22,5.75,5.75,5.75,5.75,0,0,0
2018-11-23,5.75,5.75,5.75,5.75,0,0,0
2018-11-26,5.75,5.75,5.75,5.75,0,0,0
2018-11-27,5.75,5.75,5.75,5.75,0,0,0
2018-11-28,6.099999904632568,6.099999904632568,6.099999904632568,6.099999904632568,600,0,0
2018-11-29,6.099999904632568,6.099999904632568,6.099999904632568,6.099999904632568,0,0,0
2018-11-30,6.099999904632568,6.099999904632568,6.099999904632568,6.099999904632568,0,0,0
2018-12-03,6.099999904632568,6.099999904632568,6.099999904632568,6.099999904632568,0,0,0
2018-12-04,6.099999904632568,6.099999904632568,6.099999904632568,6.099999904632568,0,0,0
2018-12-05,6.099999904632568,6.099999904632568,6.099999904632568,6.099999904632568,0,0,0
2018-12-06,5.800000190734863,5.800000190734863,5.800000190734863,5.800000190734863,1200,0,0
2018-12-07,5.800000190734863,5.800000190734863,5.800000190734863,5.800000190734863,0,0,0
2018-12-10,5.800000190734863,5.800000190734863,5.800000190734863,5.800000190734863,0,0,0
2018-12-11,5.800000190734863,5.800000190734863,5.800000190734863,5.800000190734863,0,0,0
2018-12-12,5.800000190734863,5.800000190734863,5.800000190734863,5.800000190734863,0,0,0
2018-12-13,5.800000190734863,5.800000190734863,5.800000190734863,5.800000190734863,0,0,0
2018-12-14,5.25,5.25,5.25,5.25,100,0,0
2018-12-17,5.25,5.25,5.25,5.25,0,0,0
2018-12-18,4.860000133514404,4.860000133514404,4.860000133514404,4.860000133514404,100,0,0
2018-12-19,5.300000190734863,5.300000190734863,5.300000190734863,5.300000190734863,99,0,0
2018-12-20,5.300000190734863,5.300000190734863,5.300000190734863,5.300000190734863,0,0,0
2018-12-21,5.300000190734863,5.300000190734863,5.300000190734863,5.300000190734863,0,0,0
2018-12-24,5.300000190734863,5.300000190734863,5.300000190734863,5.300000190734863,35,0,0
2018-12-27,5.300000190734863,5.300000190734863,5.300000190734863,5.300000190734863,4886,0,0
2018-12-28,5.300000190734863,5.300000190734863,5.300000190734863,5.300000190734863,35,0,0
2018-12-31,5.300000190734863,5.300000190734863,5.300000190734863,5.300000190734863,0,0,0
2019-01-02,5.300000190734863,5.300000190734863,5.300000190734863,5.300000190734863,0,0,0
2019-01-03,5.300000190734863,5.300000190734863,5.300000190734863,5.300000190734863,0,0,0
2019-01-04,5.300000190734863,5.300000190734863,5.300000190734863,5.300000190734863,0,0,0
2019-01-07,5.300000190734863,5.300000190734863,5.300000190734863,5.300000190734863,0,0,0
2019-01-08,5.300000190734863,5.300000190734863,5.300000190734863,5.300000190734863,0,0,0
2019-01-09,5.300000190734863,5.300000190734863,5.300000190734863,5.300000190734863,0,0,0
2019-01-10,5.300000190734863,5.300000190734863,5.300000190734863,5.300000190734863,0,0,0
2019-01-11,5.300000190734863,5.300000190734863,5.300000190734863,5.300000190734863,0,0,0
2019-01-14,5.300000190734863,5.300000190734863,5.300000190734863,5.300000190734863,0,0,0
2019-01-15,5.300000190734863,5.300000190734863,5.300000190734863,5.300000190734863,0,0,0
2019-01-16,5.300000190734863,5.300000190734863,5.300000190734863,5.300000190734863,0,0,0
2019-01-17,5.300000190734863,5.300000190734863,5.300000190734863,5.300000190734863,0,0,0
2019-01-18,5.300000190734863,5.300000190734863,5.300000190734863,5.300000190734863,0,0,0
2019-01-21,5.300000190734863,5.300000190734863,5.300000190734863,5.300000190734863,0,0,0
2019-01-22,5.75,5.75,5.75,5.75,86,0,0
2019-01-23,5.75,5.75,5.75,5.75,0,0,0
2019-01-24,5.75,5.75,5.75,5.75,0,0,0
2019-01-25,5.75,5.75,5.75,5.75,0,0,0
2019-01-28,5.75,5.75,5.75,5.75,0,0,0
2019-01-29,5.75,5.75,5.75,5.75,0,0,0
2019-01-30,5.199999809265137,5.199999809265137,5.199999809265137,5.199999809265137,10,0,0
2019-01-31,5.199999809265137,5.199999809265137,5.199999809265137,5.199999809265137,0,0,0
2019-02-01,5.199999809265137,5.199999809265137,5.199999809265137,5.199999809265137,0,0,0
2019-02-04,5.199999809265137,5.199999809265137,5.199999809265137,5.199999809265137,0,0,0
2019-02-05,5.199999809265137,5.199999809265137,5.199999809265137,5.199999809265137,0,0,0
2019-02-06,5.199999809265137,5.199999809265137,5.199999809265137,5.199999809265137,0,0,0
2019-02-07,5.199999809265137,5.199999809265137,5.199999809265137,5.199999809265137,0,0,0
2019-02-08,5.199999809265137,5.199999809265137,5.199999809265137,5.199999809265137,0,0,0
2019-02-11,5.199999809265137,5.199999809265137,5.199999809265137,5.199999809265137,0,0,0
2019-02-12,5.699999809265137,5.699999809265137,5.699999809265137,5.699999809265137,24,0,0
2019-02-13,5.699999809265137,5.699999809265137,5.699999809265137,5.699999809265137,0,0,0
2019-02-14,5.300000190734863,5.300000190734863,5.300000190734863,5.300000190734863,100,0,0
2019-02-15,5.300000190734863,5.300000190734863,5.300000190734863,5.300000190734863,0,0,0
2019-02-18,5.300000190734863,5.300000190734863,5.300000190734863,5.300000190734863,449,0,0
2019-02-19,5.300000190734863,5.300000190734863,5.300000190734863,5.300000190734863,0,0,0
2019-02-20,5.699999809265137,5.699999809265137,5.699999809265137,5.699999809265137,374,0,0
2019-02-21,5.449999809265137,5.449999809265137,5.449999809265137,5.449999809265137,594,0,0
2019-02-22,5.449999809265137,5.449999809265137,5.449999809265137,5.449999809265137,0,0,0
2019-02-25,5.449999809265137,5.449999809265137,5.449999809265137,5.449999809265137,0,0,0
2019-02-26,5.449999809265137,5.449999809265137,5.449999809265137,5.449999809265137,0,0,0
2019-02-27,5.449999809265137,5.449999809265137,5.449999809265137,5.449999809265137,0,0,0
2019-02-28,5.449999809265137,5.449999809265137,5.449999809265137,5.449999809265137,0,0,0
2019-03-01,5.449999809265137,5.449999809265137,5.449999809265137,5.449999809265137,0,0,0
2019-03-04,5.449999809265137,5.449999809265137,5.449999809265137,5.449999809265137,0,0,0
2019-03-05,5.449999809265137,5.449999809265137,5.449999809265137,5.449999809265137,0,0,0
2019-03-06,5.449999809265137,5.449999809265137,5.449999809265137,5.449999809265137,0,0,0
2019-03-07,5.449999809265137,5.449999809265137,5.449999809265137,5.449999809265137,0,0,0
2019-03-08,5.449999809265137,5.449999809265137,5.449999809265137,5.449999809265137,0,0,0
2019-03-11,5.449999809265137,5.449999809265137,5.449999809265137,5.449999809265137,129,0,0
2019-03-12,5.449999809265137,5.449999809265137,5.449999809265137,5.449999809265137,0,0,0
2019-03-13,5.449999809265137,5.449999809265137,5.449999809265137,5.449999809265137,0,0,0
2019-03-14,5.449999809265137,5.449999809265137,5.449999809265137,5.449999809265137,0,0,0
2019-03-15,5.449999809265137,5.449999809265137,5.449999809265137,5.449999809265137,0,0,0
2019-03-18,5.449999809265137,5.449999809265137,5.449999809265137,5.449999809265137,0,0,0
2019-03-19,5.449999809265137,5.449999809265137,5.449999809265137,5.449999809265137,0,0,0
2019-03-20,5.449999809265137,5.449999809265137,5.449999809265137,5.449999809265137,0,0,0
2019-03-21,5.449999809265137,5.449999809265137,5.449999809265137,5.449999809265137,0,0,0
2019-03-22,5.449999809265137,5.449999809265137,5.449999809265137,5.449999809265137,0,0,0
2019-03-25,5.449999809265137,5.449999809265137,5.449999809265137,5.449999809265137,0,0,0
2019-03-26,5.449999809265137,5.449999809265137,5.449999809265137,5.449999809265137,0,0,0
2019-03-27,5.449999809265137,5.449999809265137,5.449999809265137,5.449999809265137,0,0,0
2019-03-28,5.449999809265137,5.449999809265137,5.449999809265137,5.449999809265137,0,0,0
2019-03-29,5.400000095367432,5.400000095367432,5.400000095367432,5.400000095367432,1000,0,0
2019-04-01,5.449999809265137,5.449999809265137,5.449999809265137,5.449999809265137,349,0,0
2019-04-02,5.449999809265137,5.449999809265137,5.449999809265137,5.449999809265137,0,0,0
2019-04-03,5.449999809265137,5.449999809265137,5.449999809265137,5.449999809265137,0,0,0
2019-04-04,5.400000095367432,5.400000095367432,5.400000095367432,5.400000095367432,407,0,0
2019-04-05,5.300000190734863,5.300000190734863,5.300000190734863,5.300000190734863,175,0,0
2019-04-08,5.400000095367432,5.400000095367432,5.400000095367432,5.400000095367432,225,0,0
2019-04-09,5.449999809265137,5.449999809265137,5.449999809265137,5.449999809265137,183,0,0
2019-04-10,5.449999809265137,5.449999809265137,5.449999809265137,5.449999809265137,0,0,0
2019-04-11,5.449999809265137,5.449999809265137,5.449999809265137,5.449999809265137,43,0,0
2019-04-12,5.449999809265137,5.449999809265137,5.449999809265137,5.449999809265137,0,0,0
2019-04-15,5.449999809265137,5.449999809265137,5.449999809265137,5.449999809265137,0,0,0
2019-04-16,5.449999809265137,5.449999809265137,5.449999809265137,5.449999809265137,0,0,0
2019-04-17,5.449999809265137,5.449999809265137,5.449999809265137,5.449999809265137,0,0,0
2019-04-18,5.400000095367432,5.400000095367432,5.400000095367432,5.400000095367432,100,0,0
2019-04-23,5.400000095367432,5.400000095367432,5.400000095367432,5.400000095367432,0,0,0
2019-04-24,5.400000095367432,5.400000095367432,5.400000095367432,5.400000095367432,0,0,0
2019-04-25,5.400000095367432,5.400000095367432,5.400000095367432,5.400000095367432,0,0,0
2019-04-26,5.400000095367432,5.400000095367432,5.400000095367432,5.400000095367432,0,0,0
2019-04-29,5.400000095367432,5.400000095367432,5.400000095367432,5.400000095367432,0,0,0
2019-04-30,5.400000095367432,5.400000095367432,5.400000095367432,5.400000095367432,0,0,0
2019-05-02,5.400000095367432,5.400000095367432,5.400000095367432,5.400000095367432,0,0,0
2019-05-03,5.400000095367432,5.400000095367432,5.400000095367432,5.400000095367432,0,0,0
2019-05-06,5.099999904632568,5.099999904632568,5.099999904632568,5.099999904632568,170,0,0
2019-05-07,5.099999904632568,5.099999904632568,5.099999904632568,5.099999904632568,0,0,0
2019-05-08,5.099999904632568,5.099999904632568,5.099999904632568,5.099999904632568,0,0,0
2019-05-09,5.099999904632568,5.099999904632568,5.099999904632568,5.099999904632568,0,0,0
2019-05-10,5.099999904632568,5.099999904632568,5.099999904632568,5.099999904632568,16,0,0
2019-05-13,5.099999904632568,5.099999904632568,5.099999904632568,5.099999904632568,0,0,0
2019-05-14,5.099999904632568,5.099999904632568,5.099999904632568,5.099999904632568,0,0,0
2019-05-15,5.099999904632568,5.099999904632568,5.099999904632568,5.099999904632568,0,0,0
2019-05-16,5.099999904632568,5.099999904632568,5.099999904632568,5.099999904632568,0,0,0
2019-05-17,5.099999904632568,5.099999904632568,5.099999904632568,5.099999904632568,0,0,0
2019-05-20,5.099999904632568,5.099999904632568,5.099999904632568,5.099999904632568,0,0,0
2019-05-21,5.099999904632568,5.099999904632568,5.099999904632568,5.099999904632568,0,0,0
2019-05-22,5.099999904632568,5.099999904632568,5.099999904632568,5.099999904632568,0,0,0
2019-05-23,5.099999904632568,5.099999904632568,5.099999904632568,5.099999904632568,0,0,0
2019-05-24,5.099999904632568,5.099999904632568,5.099999904632568,5.099999904632568,0,0,0
2019-05-27,5.099999904632568,5.099999904632568,5.099999904632568,5.099999904632568,0,0,0
2019-05-28,5.099999904632568,5.099999904632568,5.099999904632568,5.099999904632568,0,0,0
2019-05-29,5.099999904632568,5.099999904632568,5.099999904632568,5.099999904632568,0,0,0
2019-05-30,5.099999904632568,5.099999904632568,5.099999904632568,5.099999904632568,0,0,0
2019-05-31,5.099999904632568,5.099999904632568,5.099999904632568,5.099999904632568,0,0,0
2019-06-03,5.099999904632568,5.099999904632568,5.099999904632568,5.099999904632568,0,0,0
2019-06-04,5.599999904632568,5.599999904632568,5.599999904632568,5.599999904632568,50,0,0
2019-06-05,5.599999904632568,5.599999904632568,5.599999904632568,5.599999904632568,0,0,0
2019-06-06,5.599999904632568,5.599999904632568,5.599999904632568,5.599999904632568,0,0,0
2019-06-07,5.599999904632568,5.599999904632568,5.599999904632568,5.599999904632568,0,0,0
2019-06-10,5.599999904632568,5.599999904632568,5.599999904632568,5.599999904632568,0,0,0
2019-06-11,5.599999904632568,5.599999904632568,5.599999904632568,5.599999904632568,0,0,0
2019-06-12,5.599999904632568,5.599999904632568,5.599999904632568,5.599999904632568,0,0,0
2019-06-13,5.599999904632568,5.599999904632568,5.599999904632568,5.599999904632568,0,0,0
2019-06-14,5.599999904632568,5.599999904632568,5.599999904632568,5.599999904632568,0,0,0
2019-06-17,5.099999904632568,5.099999904632568,5.099999904632568,5.099999904632568,1000,0,0
2019-06-18,5.599999904632568,5.599999904632568,5.599999904632568,5.599999904632568,400,0,0
2019-06-19,5.599999904632568,5.599999904632568,5.599999904632568,5.599999904632568,0,0,0
2019-06-20,5.599999904632568,5.599999904632568,5.599999904632568,5.599999904632568,0,0,0
2019-06-21,5.599999904632568,5.599999904632568,5.599999904632568,5.599999904632568,0,0,0
2019-06-24,5.599999904632568,5.599999904632568,5.599999904632568,5.599999904632568,0,0,0
2019-06-25,5.599999904632568,5.599999904632568,5.599999904632568,5.599999904632568,0,0,0
2019-06-26,5.599999904632568,5.599999904632568,5.599999904632568,5.599999904632568,0,0,0
2019-06-27,5.550000190734863,5.550000190734863,5.550000190734863,5.550000190734863,300,0,0
2019-06-28,5.550000190734863,5.550000190734863,5.550000190734863,5.550000190734863,0,0,0
2019-07-01,5.550000190734863,5.550000190734863,5.550000190734863,5.550000190734863,1280,0,0
2019-07-02,5.550000190734863,5.550000190734863,5.550000190734863,5.550000190734863,29,0,0
2019-07-03,5.550000190734863,5.550000190734863,5.550000190734863,5.550000190734863,0,0,0
2019-07-04,5.550000190734863,5.550000190734863,5.550000190734863,5.550000190734863,632,0,0
2019-07-05,5.550000190734863,5.550000190734863,5.550000190734863,5.550000190734863,71,0,0
2019-07-08,5.550000190734863,5.550000190734863,5.550000190734863,5.550000190734863,0,0,0
2019-07-09,5.550000190734863,5.550000190734863,5.550000190734863,5.550000190734863,0,0,0
2019-07-10,5.550000190734863,5.550000190734863,5.550000190734863,5.550000190734863,0,0,0
2019-07-11,5.550000190734863,5.550000190734863,5.550000190734863,5.550000190734863,0,0,0
2019-07-12,5.550000190734863,5.550000190734863,5.550000190734863,5.550000190734863,0,0,0
2019-07-15,5.550000190734863,5.550000190734863,5.550000190734863,5.550000190734863,200,0,0
2019-07-16,5.550000190734863,5.550000190734863,5.550000190734863,5.550000190734863,0,0,0
2019-07-17,5.550000190734863,5.550000190734863,5.550000190734863,5.550000190734863,0,0,0
2019-07-18,5.550000190734863,5.550000190734863,5.550000190734863,5.550000190734863,0,0,0
2019-07-19,5.550000190734863,5.550000190734863,5.550000190734863,5.550000190734863,0,0,0
2019-07-22,4.519999980926514,4.519999980926514,4.519999980926514,4.519999980926514,1189,0,0
2019-07-23,4.519999980926514,4.519999980926514,4.519999980926514,4.519999980926514,0,0,0
2019-07-24,4.960000038146973,4.960000038146973,4.960000038146973,4.960000038146973,200,0,0
2019-07-25,4.960000038146973,4.960000038146973,4.960000038146973,4.960000038146973,0,0,0
2019-07-26,5.400000095367432,5.400000095367432,5.400000095367432,5.400000095367432,155,0,0
2019-07-29,5.400000095367432,5.400000095367432,5.400000095367432,5.400000095367432,0,0,0
2019-07-30,5.400000095367432,5.400000095367432,5.400000095367432,5.400000095367432,0,0,0
2019-07-31,5.400000095367432,5.400000095367432,5.400000095367432,5.400000095367432,0,0,0
2019-08-01,5.400000095367432,5.400000095367432,5.400000095367432,5.400000095367432,0,0,0
2019-08-02,5.400000095367432,5.400000095367432,5.400000095367432,5.400000095367432,0,0,0
2019-08-05,5.400000095367432,5.400000095367432,5.400000095367432,5.400000095367432,0,0,0
2019-08-06,5.400000095367432,5.400000095367432,5.400000095367432,5.400000095367432,0,0,0
2019-08-07,5.400000095367432,5.400000095367432,5.400000095367432,5.400000095367432,0,0,0
2019-08-08,5.400000095367432,5.400000095367432,5.400000095367432,5.400000095367432,0,0,0
2019-08-09,5.400000095367432,5.400000095367432,5.400000095367432,5.400000095367432,0,0,0
2019-08-12,5.300000190734863,5.400000095367432,5.300000190734863,5.400000095367432,2650,0,0
2019-08-13,5.400000095367432,5.400000095367432,5.400000095367432,5.400000095367432,0,0,0
2019-08-14,5.400000095367432,5.400000095367432,5.400000095367432,5.400000095367432,0,0,0
2019-08-15,5.400000095367432,5.400000095367432,5.400000095367432,5.400000095367432,0,0,0
2019-08-16,5.400000095367432,5.400000095367432,5.400000095367432,5.400000095367432,0,0,0
2019-08-19,5.400000095367432,5.400000095367432,5.400000095367432,5.400000095367432,0,0,0
2019-08-20,5.400000095367432,5.400000095367432,5.400000095367432,5.400000095367432,0,0,0
2019-08-21,5.400000095367432,5.400000095367432,5.400000095367432,5.400000095367432,0,0,0
2019-08-22,5.400000095367432,5.400000095367432,5.400000095367432,5.400000095367432,0,0,0
2019-08-23,5.400000095367432,5.400000095367432,5.400000095367432,5.400000095367432,0,0,0
2019-08-26,5.400000095367432,5.400000095367432,5.400000095367432,5.400000095367432,0,0,0
2019-08-27,5.400000095367432,5.400000095367432,5.400000095367432,5.400000095367432,900,0,0
2019-08-28,5.400000095367432,5.400000095367432,5.400000095367432,5.400000095367432,0,0,0
2019-08-29,5.400000095367432,5.400000095367432,5.400000095367432,5.400000095367432,0,0,0
2019-08-30,5.400000095367432,5.400000095367432,5.400000095367432,5.400000095367432,524,0,0
2019-09-02,5.400000095367432,5.400000095367432,5.400000095367432,5.400000095367432,0,0,0
2019-09-03,5.400000095367432,5.400000095367432,5.400000095367432,5.400000095367432,0,0,0
2019-09-04,5.400000095367432,5.400000095367432,5.400000095367432,5.400000095367432,0,0,0
2019-09-05,5.400000095367432,5.400000095367432,5.400000095367432,5.400000095367432,300,0,0
2019-09-06,5.400000095367432,5.400000095367432,5.400000095367432,5.400000095367432,499,0,0
2019-09-09,5.400000095367432,5.400000095367432,5.400000095367432,5.400000095367432,998,0,0
2019-09-10,5.400000095367432,5.400000095367432,5.400000095367432,5.400000095367432,0,0,0
2019-09-11,5.699999809265137,5.800000190734863,5.699999809265137,5.800000190734863,16765,0,0
2019-09-12,5.800000190734863,5.800000190734863,5.800000190734863,5.800000190734863,0,0,0
2019-09-13,5.800000190734863,5.800000190734863,5.800000190734863,5.800000190734863,0,0,0
2019-09-16,5.800000190734863,5.800000190734863,5.800000190734863,5.800000190734863,0,0,0
2019-09-17,5.800000190734863,5.800000190734863,5.800000190734863,5.800000190734863,0,0,0
2019-09-18,5.800000190734863,5.800000190734863,5.800000190734863,5.800000190734863,0,0,0
2019-09-19,5.800000190734863,5.800000190734863,5.800000190734863,5.800000190734863,0,0,0
2019-09-20,5.800000190734863,5.800000190734863,5.800000190734863,5.800000190734863,0,0,0
2019-09-23,5.800000190734863,5.800000190734863,5.800000190734863,5.800000190734863,0,0,0
2019-09-24,5.800000190734863,5.800000190734863,5.800000190734863,5.800000190734863,0,0,0
2019-09-25,5.800000190734863,5.800000190734863,5.800000190734863,5.800000190734863,135,0,0
2019-09-26,5.800000190734863,5.800000190734863,5.800000190734863,5.800000190734863,0,0,0
2019-09-27,5.400000095367432,5.400000095367432,5.400000095367432,5.400000095367432,400,0,0
2019-09-30,5.5,5.5,5.5,5.5,500,0,0
2019-10-01,5.699999809265137,5.699999809265137,5.699999809265137,5.699999809265137,10,0,0
2019-10-02,5.5,5.5,5.5,5.5,75,0,0
2019-10-03,5.5,5.5,5.5,5.5,731,0,0
2019-10-04,5.300000190734863,5.300000190734863,5.300000190734863,5.300000190734863,684,0,0
2019-10-07,5.300000190734863,5.300000190734863,5.300000190734863,5.300000190734863,0,0,0
2019-10-08,5.300000190734863,5.300000190734863,5.300000190734863,5.300000190734863,1000,0,0
2019-10-09,5.300000190734863,5.300000190734863,5.300000190734863,5.300000190734863,0,0,0
2019-10-10,5.300000190734863,5.300000190734863,5.300000190734863,5.300000190734863,0,0,0
2019-10-11,5.300000190734863,5.349999904632568,5.300000190734863,5.349999904632568,2200,0,0
2019-10-14,5.349999904632568,5.349999904632568,5.349999904632568,5.349999904632568,0,0,0
2019-10-15,5.349999904632568,5.349999904632568,5.349999904632568,5.349999904632568,1000,0,0
2019-10-16,5.5,5.5,5.150000095367432,5.150000095367432,154,0,0
2019-10-17,5.150000095367432,5.150000095367432,5.150000095367432,5.150000095367432,0,0,0
2019-10-18,5.150000095367432,5.150000095367432,5.150000095367432,5.150000095367432,0,0,0
2019-10-21,5.150000095367432,5.150000095367432,5.150000095367432,5.150000095367432,998,0,0
2019-10-22,5.150000095367432,5.150000095367432,5.150000095367432,5.150000095367432,0,0,0
2019-10-23,5.150000095367432,5.150000095367432,5.150000095367432,5.150000095367432,0,0,0
2019-10-24,5.150000095367432,5.5,5.150000095367432,5.5,2047,0,0
2019-10-25,5.5,5.5,5.5,5.5,0,0,0
2019-10-28,5.5,5.5,5.5,5.5,0,0,0
2019-10-29,5.5,5.5,5.5,5.5,0,0,0
2019-10-30,5.5,5.5,5.5,5.5,0,0,0
2019-10-31,5.5,5.5,5.5,5.5,0,0,0
2019-11-01,5.5,5.5,5.5,5.5,0,0,0
2019-11-04,5.5,5.5,5.5,5.5,0,0,0
2019-11-05,5.5,5.5,5.5,5.5,0,0,0
2019-11-06,5.5,5.5,5.5,5.5,0,0,0
2019-11-07,5.5,5.5,5.5,5.5,0,0,0
2019-11-08,5.5,5.5,5.5,5.5,0,0,0
2019-11-11,5.5,5.5,5.5,5.5,1845,0,0
2019-11-12,5.5,5.5,5.5,5.5,0,0,0
2019-11-13,5.650000095367432,5.800000190734863,5.650000095367432,5.800000190734863,59,0,0
2019-11-14,5.800000190734863,5.800000190734863,5.800000190734863,5.800000190734863,0,0,0
2019-11-15,5.150000095367432,5.150000095367432,5.150000095367432,5.150000095367432,18,0,0
2019-11-18,5.150000095367432,5.150000095367432,5.150000095367432,5.150000095367432,400,0,0
2019-11-19,5.199999809265137,5.199999809265137,5.199999809265137,5.199999809265137,1229,0,0
2019-11-20,5.300000190734863,5.300000190734863,5.300000190734863,5.300000190734863,1017,0,0
2019-11-21,5.400000095367432,5.400000095367432,5.400000095367432,5.400000095367432,1235,0,0
2019-11-22,5.400000095367432,5.400000095367432,5.400000095367432,5.400000095367432,1000,0,0
2019-11-25,5.400000095367432,5.400000095367432,5.400000095367432,5.400000095367432,1302,0,0
2019-11-26,5.400000095367432,5.400000095367432,5.400000095367432,5.400000095367432,0,0,0
2019-11-27,5.449999809265137,5.449999809265137,5.449999809265137,5.449999809265137,2000,0,0
2019-11-28,5.5,5.5,5.5,5.5,5300,0,0
2019-11-29,5.5,5.5,5.5,5.5,0,0,0
2019-12-02,5.5,5.5,5.5,5.5,0,0,0
2019-12-03,5.199999809265137,5.199999809265137,5.199999809265137,5.199999809265137,190,0,0
2019-12-04,5.199999809265137,5.199999809265137,5.199999809265137,5.199999809265137,0,0,0
2019-12-05,5.199999809265137,5.199999809265137,5.199999809265137,5.199999809265137,0,0,0
2019-12-06,5.199999809265137,5.199999809265137,5.199999809265137,5.199999809265137,0,0,0
2019-12-09,5.199999809265137,5.199999809265137,5.199999809265137,5.199999809265137,0,0,0
2019-12-10,5.199999809265137,5.199999809265137,5.199999809265137,5.199999809265137,0,0,0
2019-12-11,5.300000190734863,5.300000190734863,5.300000190734863,5.300000190734863,5159,0,0
2019-12-12,5.300000190734863,5.300000190734863,5.300000190734863,5.300000190734863,5000,0,0
2019-12-13,5.199999809265137,5.199999809265137,5.199999809265137,5.199999809265137,184,0,0
2019-12-16,5.199999809265137,5.199999809265137,5.199999809265137,5.199999809265137,1000,0,0
2019-12-17,5.199999809265137,5.199999809265137,5.199999809265137,5.199999809265137,0,0,0
2019-12-18,5.199999809265137,5.199999809265137,5.199999809265137,5.199999809265137,0,0,0
2019-12-19,5.300000190734863,5.300000190734863,5.300000190734863,5.300000190734863,1565,0,0
2019-12-20,5.099999904632568,5.099999904632568,5.099999904632568,5.099999904632568,1290,0,0
2019-12-23,5.199999809265137,5.199999809265137,5.199999809265137,5.199999809265137,1000,0,0
2019-12-24,5.0,5.0,5.0,5.0,500,0,0
2019-12-25,5.0,5.0,5.0,5.0,0,0,0
2019-12-27,5.150000095367432,5.199999809265137,5.150000095367432,5.199999809265137,6000,0,0
2019-12-30,5.25,5.300000190734863,5.25,5.300000190734863,2635,0,0
2019-12-31,5.300000190734863,5.300000190734863,5.300000190734863,5.300000190734863,0,0,0
2020-01-02,5.300000190734863,5.300000190734863,5.300000190734863,5.300000190734863,0,0,0
2020-01-03,5.300000190734863,5.300000190734863,5.300000190734863,5.300000190734863,0,0,0
2020-01-06,5.300000190734863,5.300000190734863,5.300000190734863,5.300000190734863,500,0,0
2020-01-07,5.300000190734863,5.300000190734863,5.300000190734863,5.300000190734863,0,0,0
2020-01-08,5.300000190734863,5.300000190734863,5.300000190734863,5.300000190734863,0,0,0
2020-01-09,5.300000190734863,5.300000190734863,5.300000190734863,5.300000190734863,0,0,0
2020-01-10,5.300000190734863,5.300000190734863,5.300000190734863,5.300000190734863,0,0,0
2020-01-13,5.300000190734863,5.300000190734863,5.300000190734863,5.300000190734863,0,0,0
2020-01-14,5.300000190734863,5.300000190734863,5.300000190734863,5.300000190734863,0,0,0
2020-01-15,5.300000190734863,5.300000190734863,5.300000190734863,5.300000190734863,601,0,0
2020-01-16,5.300000190734863,5.300000190734863,5.300000190734863,5.300000190734863,700,0,0
2020-01-17,5.300000190734863,5.300000190734863,5.300000190734863,5.300000190734863,16097,0,0
2020-01-20,5.300000190734863,5.300000190734863,5.300000190734863,5.300000190734863,0,0,0
2020-01-21,5.300000190734863,5.300000190734863,5.300000190734863,5.300000190734863,0,0,0
2020-01-22,5.300000190734863,5.300000190734863,5.300000190734863,5.300000190734863,0,0,0
2020-01-23,5.300000190734863,5.300000190734863,5.300000190734863,5.300000190734863,0,0,0
2020-01-24,5.300000190734863,5.300000190734863,5.300000190734863,5.300000190734863,0,0,0
2020-01-27,5.300000190734863,5.300000190734863,5.300000190734863,5.300000190734863,0,0,0
2020-01-28,5.199999809265137,5.199999809265137,5.199999809265137,5.199999809265137,140,0,0
2020-01-29,5.199999809265137,5.199999809265137,5.199999809265137,5.199999809265137,0,0,0
2020-01-30,5.300000190734863,5.300000190734863,5.300000190734863,5.300000190734863,4,0,0
2020-01-31,5.300000190734863,5.300000190734863,5.300000190734863,5.300000190734863,0,0,0
2020-02-03,5.300000190734863,5.300000190734863,5.300000190734863,5.300000190734863,0,0,0
2020-02-04,5.199999809265137,5.199999809265137,5.199999809265137,5.199999809265137,1000,0,0
2020-02-05,5.199999809265137,5.199999809265137,5.199999809265137,5.199999809265137,198,0,0
2020-02-06,5.199999809265137,5.199999809265137,5.199999809265137,5.199999809265137,0,0,0
2020-02-07,5.199999809265137,5.199999809265137,5.199999809265137,5.199999809265137,0,0,0
2020-02-10,5.25,5.25,5.25,5.25,1863,0,0
2020-02-11,5.25,5.25,5.25,5.25,28,0,0
2020-02-12,5.099999904632568,5.099999904632568,5.099999904632568,5.099999904632568,500,0,0
2020-02-13,5.099999904632568,5.25,5.099999904632568,5.25,81,0,0
2020-02-14,5.099999904632568,5.099999904632568,5.099999904632568,5.099999904632568,32,0,0
2020-02-17,5.25,5.25,5.099999904632568,5.099999904632568,389,0,0
2020-02-18,5.099999904632568,5.099999904632568,5.099999904632568,5.099999904632568,0,0,0
2020-02-19,5.099999904632568,5.099999904632568,5.099999904632568,5.099999904632568,758,0,0
2020-02-20,5.099999904632568,5.099999904632568,5.099999904632568,5.099999904632568,0,0,0
2020-02-21,5.099999904632568,5.099999904632568,5.099999904632568,5.099999904632568,60,0,0
2020-02-24,5.099999904632568,5.099999904632568,5.099999904632568,5.099999904632568,0,0,0
2020-02-25,5.099999904632568,5.099999904632568,5.099999904632568,5.099999904632568,0,0,0
2020-02-26,5.099999904632568,5.099999904632568,5.099999904632568,5.099999904632568,0,0,0
2020-02-27,5.099999904632568,5.099999904632568,5.099999904632568,5.099999904632568,0,0,0
2020-02-28,5.099999904632568,5.099999904632568,5.099999904632568,5.099999904632568,0,0,0
2020-03-02,5.099999904632568,5.099999904632568,5.099999904632568,5.099999904632568,0,0,0
2020-03-03,4.599999904632568,4.980000019073486,4.599999904632568,4.980000019073486,399,0,0
2020-03-04,4.699999809265137,4.699999809265137,4.28000020980835,4.28000020980835,2995,0,0
2020-03-05,4.679999828338623,4.679999828338623,4.239999771118164,4.239999771118164,2299,0,0
2020-03-06,4.239999771118164,4.239999771118164,4.239999771118164,4.239999771118164,10134,0,0
2020-03-09,4.099999904632568,4.099999904632568,4.099999904632568,4.099999904632568,1800,0,0
2020-03-10,4.28000020980835,4.28000020980835,4.28000020980835,4.28000020980835,2150,0,0
2020-03-11,4.28000020980835,4.28000020980835,4.28000020980835,4.28000020980835,0,0,0
2020-03-12,4.099999904632568,4.099999904632568,4.099999904632568,4.099999904632568,1450,0,0
2020-03-13,4.0,4.019999980926514,4.0,4.019999980926514,1799,0,0
2020-03-16,3.700000047683716,3.700000047683716,3.700000047683716,3.700000047683716,1701,0,0
2020-03-17,3.700000047683716,3.700000047683716,3.700000047683716,3.700000047683716,40,0,0
2020-03-18,3.700000047683716,3.700000047683716,3.700000047683716,3.700000047683716,1518,0,0
2020-03-19,3.700000047683716,3.700000047683716,3.700000047683716,3.700000047683716,1258,0,0
2020-03-20,3.700000047683716,3.700000047683716,3.700000047683716,3.700000047683716,0,0,0
2020-03-23,3.5,3.5,3.5,3.5,760,0,0
2020-03-24,3.5,3.700000047683716,3.5,3.700000047683716,709,0,0
2020-03-25,3.700000047683716,3.700000047683716,3.700000047683716,3.700000047683716,470,0,0
2020-03-26,3.700000047683716,3.700000047683716,3.700000047683716,3.700000047683716,0,0,0
2020-03-27,3.700000047683716,3.700000047683716,3.700000047683716,3.700000047683716,0,0,0
2020-03-30,3.700000047683716,3.700000047683716,3.700000047683716,3.700000047683716,0,0,0
2020-03-31,3.700000047683716,3.700000047683716,3.700000047683716,3.700000047683716,0,0,0
2020-04-01,3.700000047683716,3.700000047683716,3.700000047683716,3.700000047683716,150,0,0
2020-04-02,3.700000047683716,3.700000047683716,3.700000047683716,3.700000047683716,0,0,0
2020-04-03,3.9000000953674316,4.0,3.9000000953674316,4.0,375,0,0
2020-04-06,4.0,4.0,4.0,4.0,100,0,0
2020-04-07,3.9000000953674316,3.9000000953674316,3.9000000953674316,3.9000000953674316,300,0,0
2020-04-08,4.0,4.0,4.0,4.0,300,0,0
2020-04-09,4.0,4.0,4.0,4.0,337,0,0
2020-04-14,4.260000228881836,4.260000228881836,4.260000228881836,4.260000228881836,1500,0,0
2020-04-15,4.260000228881836,4.260000228881836,4.260000228881836,4.260000228881836,0,0,0
2020-04-16,4.260000228881836,4.260000228881836,4.260000228881836,4.260000228881836,209,0,0
2020-04-17,4.260000228881836,4.260000228881836,4.260000228881836,4.260000228881836,150,0,0
2020-04-20,4.5,4.5,4.5,4.5,116,0,0
2020-04-21,4.5,4.5,4.5,4.5,125,0,0
2020-04-22,4.5,4.5,4.5,4.5,0,0,0
2020-04-23,4.5,4.5,4.5,4.5,0,0,0
2020-04-24,4.5,4.5,4.5,4.5,0,0,0
2020-04-27,4.5,4.5,4.5,4.5,0,0,0
2020-04-28,4.5,4.5,4.5,4.5,0,0,0
2020-04-29,4.5,4.5,4.5,4.5,0,0,0
2020-04-30,4.480000019073486,4.480000019073486,4.480000019073486,4.480000019073486,19,0,0
2020-05-04,4.039999961853027,4.039999961853027,4.039999961853027,4.039999961853027,19,0,0
2020-05-05,4.039999961853027,4.039999961853027,4.039999961853027,4.039999961853027,0,0,0
2020-05-06,4.5,4.5,4.5,4.5,9,0,0
2020-05-07,4.5,4.5,4.5,4.5,20,0,0
2020-05-08,4.5,4.5,4.5,4.5,300,0,0
2020-05-11,4.5,4.5,4.5,4.5,0,0,0
2020-05-12,4.059999942779541,4.460000038146973,4.059999942779541,4.460000038146973,39,0,0
2020-05-13,4.460000038146973,4.460000038146973,4.460000038146973,4.460000038146973,0,0,0
2020-05-14,4.460000038146973,4.460000038146973,4.460000038146973,4.460000038146973,0,0,0
2020-05-15,4.460000038146973,4.460000038146973,4.460000038146973,4.460000038146973,0,0,0
2020-05-18,4.460000038146973,4.460000038146973,4.460000038146973,4.460000038146973,0,0,0
2020-05-19,4.460000038146973,4.460000038146973,4.460000038146973,4.460000038146973,0,0,0
2020-05-20,4.460000038146973,4.460000038146973,4.460000038146973,4.460000038146973,0,0,0
2020-05-21,4.460000038146973,4.460000038146973,4.460000038146973,4.460000038146973,0,0,0
2020-05-22,4.460000038146973,4.460000038146973,4.460000038146973,4.460000038146973,0,0,0
2020-05-25,4.239999771118164,4.239999771118164,4.239999771118164,4.239999771118164,346,0,0
2020-05-26,4.5,4.5,4.5,4.5,9,0,0
2020-05-27,4.5,4.5,4.5,4.5,0,0,0
2020-05-28,4.5,4.5,4.5,4.5,0,0,0
2020-05-29,4.519999980926514,4.519999980926514,4.519999980926514,4.519999980926514,656,0,0
2020-06-01,4.519999980926514,4.519999980926514,4.519999980926514,4.519999980926514,0,0,0
2020-06-02,4.519999980926514,4.519999980926514,4.519999980926514,4.519999980926514,0,0,0
2020-06-03,4.300000190734863,4.300000190734863,4.300000190734863,4.300000190734863,400,0,0
2020-06-04,4.71999979019165,4.71999979019165,4.71999979019165,4.71999979019165,2,0,0
2020-06-05,4.980000019073486,4.980000019073486,4.980000019073486,4.980000019073486,1,0,0
2020-06-08,4.980000019073486,4.980000019073486,4.980000019073486,4.980000019073486,0,0,0
2020-06-09,4.539999961853027,4.539999961853027,4.539999961853027,4.539999961853027,28,0,0
2020-06-10,4.539999961853027,4.539999961853027,4.539999961853027,4.539999961853027,153,0,0
2020-06-11,4.539999961853027,4.539999961853027,4.539999961853027,4.539999961853027,0,0,0
2020-06-12,4.539999961853027,4.539999961853027,4.539999961853027,4.539999961853027,0,0,0
2020-06-15,4.300000190734863,4.300000190734863,4.300000190734863,4.300000190734863,918,0,0
2020-06-16,5.0,5.0,5.0,5.0,116,0,0
2020-06-17,5.5,5.5,5.5,5.5,5,0,0
2020-06-18,5.5,5.5,5.5,5.5,0,0,0
2020-06-19,5.5,5.5,5.5,5.5,0,0,0
2020-06-22,5.5,5.5,5.5,5.5,0,0,0
2020-06-23,5.5,5.5,5.5,5.5,0,0,0
2020-06-24,5.5,5.5,5.5,5.5,0,0,0
2020-06-25,5.5,5.5,5.5,5.5,0,0,0
2020-06-26,5.5,5.5,5.5,5.5,0,0,0
2020-06-29,5.5,5.5,5.5,5.5,0,0,0
2020-06-30,4.71999979019165,4.71999979019165,4.71999979019165,4.71999979019165,9,0,0
2020-07-01,4.71999979019165,4.71999979019165,4.71999979019165,4.71999979019165,0,0,0
2020-07-02,4.699999809265137,4.699999809265137,4.699999809265137,4.699999809265137,700,0,0
2020-07-03,4.699999809265137,4.699999809265137,4.699999809265137,4.699999809265137,10,0,0
2020-07-06,5.449999809265137,5.449999809265137,5.449999809265137,5.449999809265137,10,0,0
2020-07-07,5.449999809265137,5.449999809265137,5.449999809265137,5.449999809265137,0,0,0
2020-07-08,5.449999809265137,5.449999809265137,5.449999809265137,5.449999809265137,0,0,0
2020-07-09,5.449999809265137,5.449999809265137,5.449999809265137,5.449999809265137,10,0,0
2020-07-10,4.900000095367432,4.900000095367432,4.900000095367432,4.900000095367432,226,0,0
2020-07-13,4.679999828338623,4.679999828338623,4.679999828338623,4.679999828338623,1316,0,0
2020-07-14,5.0,5.0,5.0,5.0,1,0,0
2020-07-15,5.0,5.0,5.0,5.0,0,0,0
2020-07-16,5.0,5.0,5.0,5.0,0,0,0
2020-07-17,5.5,5.5,5.5,5.5,1,0,0
2020-07-20,5.5,5.5,5.5,5.5,0,0,0
2020-07-21,5.5,5.5,5.5,5.5,0,0,0
2020-07-22,4.539999961853027,4.539999961853027,4.539999961853027,4.539999961853027,10,0,0
2020-07-23,4.800000190734863,4.800000190734863,4.800000190734863,4.800000190734863,17,0,0
2020-07-24,4.800000190734863,4.800000190734863,4.800000190734863,4.800000190734863,0,0,0
2020-07-27,4.800000190734863,4.800000190734863,4.800000190734863,4.800000190734863,0,0,0
2020-07-28,5.0,5.0,5.0,5.0,2,0,0
2020-07-29,5.0,5.0,5.0,5.0,0,0,0
2020-07-30,5.0,5.0,5.0,5.0,0,0,0
2020-07-31,5.0,5.0,5.0,5.0,0,0,0
2020-08-03,5.0,5.0,5.0,5.0,0,0,0
2020-08-04,5.0,5.0,5.0,5.0,0,0,0
2020-08-05,5.0,5.0,5.0,5.0,0,0,0
2020-08-06,5.0,5.0,5.0,5.0,0,0,0
2020-08-07,5.0,5.0,5.0,5.0,0,0,0
2020-08-10,5.25,5.25,5.25,5.25,953,0,0
2020-08-11,5.25,5.25,5.25,5.25,0,0,0
2020-08-12,5.25,5.25,5.25,5.25,0,0,0
2020-08-13,5.25,5.25,5.25,5.25,0,0,0
2020-08-14,5.25,5.25,5.25,5.25,0,0,0
2020-08-17,5.150000095367432,5.150000095367432,5.150000095367432,5.150000095367432,370,0,0
2020-08-18,5.150000095367432,5.150000095367432,5.150000095367432,5.150000095367432,0,0,0
2020-08-19,5.150000095367432,5.150000095367432,5.150000095367432,5.150000095367432,0,0,0
2020-08-20,5.150000095367432,5.150000095367432,5.150000095367432,5.150000095367432,0,0,0
2020-08-21,5.150000095367432,5.150000095367432,5.150000095367432,5.150000095367432,0,0,0
2020-08-24,5.150000095367432,5.150000095367432,5.150000095367432,5.150000095367432,0,0,0
2020-08-25,5.150000095367432,5.150000095367432,5.150000095367432,5.150000095367432,0,0,0
2020-08-26,5.150000095367432,5.150000095367432,5.150000095367432,5.150000095367432,0,0,0
2020-08-27,5.150000095367432,5.150000095367432,5.150000095367432,5.150000095367432,0,0,0
2020-08-28,5.150000095367432,5.150000095367432,5.150000095367432,5.150000095367432,0,0,0
2020-08-31,5.150000095367432,5.150000095367432,5.150000095367432,5.150000095367432,0,0,0
2020-09-01,5.150000095367432,5.150000095367432,5.150000095367432,5.150000095367432,0,0,0
2020-09-02,5.150000095367432,5.150000095367432,5.150000095367432,5.150000095367432,0,0,0
2020-09-03,5.150000095367432,5.150000095367432,5.150000095367432,5.150000095367432,0,0,0
2020-09-04,5.0,5.0,5.0,5.0,200,0,0
2020-09-07,5.0,5.0,5.0,5.0,0,0,0
2020-09-08,5.0,5.0,5.0,5.0,0,0,0
2020-09-09,5.0,5.0,5.0,5.0,0,0,0
2020-09-10,5.0,5.0,5.0,5.0,0,0,0
2020-09-11,5.0,5.0,5.0,5.0,0,0,0
2020-09-14,5.0,5.0,5.0,5.0,0,0,0
2020-09-15,5.0,5.0,5.0,5.0,0,0,0
2020-09-16,5.0,5.0,5.0,5.0,0,0,0
2020-09-17,5.0,5.0,5.0,5.0,0,0,0
2020-09-18,5.150000095367432,5.150000095367432,5.150000095367432,5.150000095367432,180,0,0
2020-09-21,5.150000095367432,5.150000095367432,5.150000095367432,5.150000095367432,0,0,0
2020-09-22,5.150000095367432,5.150000095367432,5.150000095367432,5.150000095367432,0,0,0
2020-09-23,4.639999866485596,4.639999866485596,4.639999866485596,4.639999866485596,890,0,0
2020-09-24,4.639999866485596,4.639999866485596,4.639999866485596,4.639999866485596,0,0,0
2020-09-25,4.639999866485596,4.639999866485596,4.639999866485596,4.639999866485596,0,0,0
2020-09-28,4.639999866485596,4.639999866485596,4.639999866485596,4.639999866485596,0,0,0
2020-09-29,4.639999866485596,4.639999866485596,4.639999866485596,4.639999866485596,150,0,0
2020-09-30,4.639999866485596,4.639999866485596,4.639999866485596,4.639999866485596,0,0,0
2020-10-01,4.639999866485596,4.639999866485596,4.639999866485596,4.639999866485596,0,0,0
2020-10-02,4.639999866485596,4.639999866485596,4.639999866485596,4.639999866485596,0,0,0
2020-10-05,4.639999866485596,4.639999866485596,4.639999866485596,4.639999866485596,0,0,0
2020-10-06,4.639999866485596,4.639999866485596,4.639999866485596,4.639999866485596,0,0,0
2020-10-07,4.639999866485596,4.639999866485596,4.639999866485596,4.639999866485596,0,0,0
2020-10-08,4.639999866485596,4.639999866485596,4.639999866485596,4.639999866485596,0,0,0
2020-10-09,4.639999866485596,4.639999866485596,4.639999866485596,4.639999866485596,0,0,0
2020-10-12,4.639999866485596,4.639999866485596,4.639999866485596,4.639999866485596,0,0,0
2020-10-13,4.639999866485596,4.639999866485596,4.639999866485596,4.639999866485596,0,0,0
2020-10-14,4.639999866485596,4.639999866485596,4.639999866485596,4.639999866485596,0,0,0
2020-10-15,4.639999866485596,4.639999866485596,4.639999866485596,4.639999866485596,0,0,0
2020-10-16,4.639999866485596,4.639999866485596,4.639999866485596,4.639999866485596,0,0,0
2020-10-19,4.639999866485596,4.639999866485596,4.639999866485596,4.639999866485596,0,0,0
2020-10-20,5.0,5.0,5.0,5.0,1,0,0
2020-10-21,5.0,5.0,5.0,5.0,0,0,0
2020-10-22,5.0,5.0,5.0,5.0,0,0,0
2020-10-23,5.0,5.0,5.0,5.0,0,0,0
2020-10-26,5.0,5.0,5.0,5.0,0,0,0
2020-10-27,5.0,5.0,5.0,5.0,0,0,0
2020-10-28,5.0,5.0,5.0,5.0,0,0,0
2020-10-29,4.5,4.5,4.5,4.5,660,0,0
2020-10-30,4.5,4.5,4.5,4.5,487,0,0
2020-11-02,4.5,4.5,4.5,4.5,0,0,0
2020-11-03,4.5,4.5,4.5,4.5,0,0,0
2020-11-04,4.5,4.5,4.5,4.5,0,0,0
2020-11-05,4.5,4.5,4.5,4.5,0,0,0
2020-11-06,4.5,4.5,4.5,4.5,0,0,0
2020-11-09,5.5,5.5,5.5,5.5,2,0,0
2020-11-10,5.5,5.5,5.5,5.5,0,0,0
2020-11-11,5.5,5.5,5.5,5.5,0,0,0
2020-11-12,5.5,5.5,5.5,5.5,0,0,0
2020-11-13,5.5,5.5,5.5,5.5,0,0,0
2020-11-16,5.5,5.5,5.5,5.5,0,0,0
2020-11-17,5.5,5.5,5.5,5.5,0,0,0
2020-11-18,5.5,5.5,5.5,5.5,0,0,0
2020-11-19,5.5,5.5,5.5,5.5,0,0,0
2020-11-20,5.5,5.5,5.5,5.5,0,0,0
2020-11-23,5.5,5.5,5.5,5.5,0,0,0
2020-11-24,5.5,5.5,5.5,5.5,0,0,0
2020-11-25,5.050000190734863,5.050000190734863,5.050000190734863,5.050000190734863,100,0,0
2020-11-26,5.400000095367432,5.400000095367432,5.400000095367432,5.400000095367432,2,0,0
2020-11-27,5.400000095367432,5.400000095367432,5.400000095367432,5.400000095367432,0,0,0
2020-11-30,5.349999904632568,5.349999904632568,5.349999904632568,5.349999904632568,1400,0,0
2020-12-01,5.349999904632568,5.349999904632568,5.349999904632568,5.349999904632568,0,0,0
2020-12-02,4.559999942779541,4.559999942779541,4.559999942779541,4.559999942779541,500,0,0
2020-12-03,5.5,5.5,5.5,5.5,1,0,0
2020-12-04,5.5,5.5,5.5,5.5,0,0,0
2020-12-07,5.5,5.5,5.5,5.5,0,0,0
2020-12-08,5.5,5.5,5.5,5.5,0,0,0
2020-12-09,5.5,5.5,5.5,5.5,0,0,0
2020-12-10,5.5,5.5,5.5,5.5,0,0,0
2020-12-11,5.5,5.5,5.5,5.5,0,0,0
2020-12-14,5.5,5.5,5.5,5.5,0,0,0
2020-12-15,5.5,5.5,5.5,5.5,0,0,0
2020-12-16,5.5,5.5,5.5,5.5,0,0,0
2020-12-17,5.5,5.5,5.5,5.5,0,0,0
2020-12-18,5.099999904632568,5.099999904632568,5.099999904632568,5.099999904632568,217,0,0
2020-12-21,5.5,5.5,5.5,5.5,1,0,0
2020-12-22,5.5,5.5,5.5,5.5,0,0,0
2020-12-23,5.5,5.5,5.5,5.5,0,0,0
2020-12-24,5.400000095367432,5.400000095367432,5.400000095367432,5.400000095367432,1627,0,0
2020-12-28,5.5,5.5,5.5,5.5,1,0,0
2020-12-29,5.5,5.5,5.5,5.5,0,0,0
2020-12-30,5.0,5.0,5.0,5.0,320,0,0
2020-12-31,5.300000190734863,5.300000190734863,5.300000190734863,5.300000190734863,1,0,0
2021-01-04,5.349999904632568,5.349999904632568,5.349999904632568,5.349999904632568,80,0,0
2021-01-05,5.349999904632568,5.349999904632568,5.349999904632568,5.349999904632568,0,0,0
2021-01-06,5.349999904632568,5.349999904632568,5.349999904632568,5.349999904632568,0,0,0
2021-01-07,5.349999904632568,5.349999904632568,5.349999904632568,5.349999904632568,0,0,0
2021-01-08,5.349999904632568,5.349999904632568,5.349999904632568,5.349999904632568,0,0,0
2021-01-11,5.349999904632568,5.349999904632568,5.349999904632568,5.349999904632568,0,0,0
2021-01-12,5.349999904632568,5.349999904632568,5.349999904632568,5.349999904632568,0,0,0
2021-01-13,5.349999904632568,5.349999904632568,5.349999904632568,5.349999904632568,0,0,0
2021-01-14,5.349999904632568,5.349999904632568,5.349999904632568,5.349999904632568,0,0,0
2021-01-15,5.349999904632568,5.349999904632568,5.349999904632568,5.349999904632568,0,0,0
2021-01-18,5.349999904632568,5.349999904632568,5.349999904632568,5.349999904632568,0,0,0
2021-01-19,5.349999904632568,5.349999904632568,5.349999904632568,5.349999904632568,0,0,0
2021-01-20,5.349999904632568,5.349999904632568,5.349999904632568,5.349999904632568,0,0,0
2021-01-21,5.199999809265137,5.199999809265137,5.199999809265137,5.199999809265137,702,0,0
2021-01-22,5.199999809265137,5.199999809265137,5.199999809265137,5.199999809265137,0,0,0
2021-01-25,5.199999809265137,5.199999809265137,5.199999809265137,5.199999809265137,0,0,0
2021-01-26,5.199999809265137,5.199999809265137,5.199999809265137,5.199999809265137,0,0,0
2021-01-27,5.199999809265137,5.199999809265137,5.199999809265137,5.199999809265137,1,0,0
2021-01-28,5.199999809265137,5.199999809265137,5.199999809265137,5.199999809265137,0,0,0
2021-01-29,5.199999809265137,5.199999809265137,5.199999809265137,5.199999809265137,0,0,0
2021-02-01,5.199999809265137,5.199999809265137,5.199999809265137,5.199999809265137,0,0,0
2021-02-02,4.739999771118164,4.739999771118164,4.739999771118164,4.739999771118164,1,0,0
2021-02-03,4.739999771118164,4.739999771118164,4.739999771118164,4.739999771118164,0,0,0
2021-02-04,5.449999809265137,5.449999809265137,5.449999809265137,5.449999809265137,5,0,0
2021-02-05,5.0,5.0,4.699999809265137,4.699999809265137,598,0,0
2021-02-08,4.699999809265137,4.699999809265137,4.699999809265137,4.699999809265137,0,0,0
2021-02-09,4.699999809265137,4.699999809265137,4.699999809265137,4.699999809265137,254,0,0
2021-02-10,4.699999809265137,4.699999809265137,4.699999809265137,4.699999809265137,0,0,0
2021-02-11,4.699999809265137,4.699999809265137,4.699999809265137,4.699999809265137,2,0,0
2021-02-12,4.699999809265137,4.699999809265137,4.699999809265137,4.699999809265137,0,0,0
2021-02-15,4.699999809265137,4.699999809265137,4.699999809265137,4.699999809265137,0,0,0
2021-02-16,4.699999809265137,4.699999809265137,4.699999809265137,4.699999809265137,1445,0,0
2021-02-17,4.699999809265137,4.699999809265137,4.699999809265137,4.699999809265137,0,0,0
2021-02-18,4.800000190734863,4.800000190734863,4.800000190734863,4.800000190734863,1500,0,0
2021-02-19,5.25,5.25,5.25,5.25,300,0,0
2021-02-22,5.25,5.25,5.25,5.25,0,0,0
2021-02-23,5.25,5.25,5.25,5.25,0,0,0
2021-02-24,5.25,5.25,5.25,5.25,0,0,0
2021-02-25,5.25,5.25,5.25,5.25,0,0,0
2021-02-26,5.25,5.25,5.25,5.25,0,0,0
2021-03-01,5.25,5.25,5.25,5.25,0,0,0
2021-03-02,5.25,5.25,5.25,5.25,0,0,0
2021-03-03,5.25,5.25,5.25,5.25,0,0,0
2021-03-04,5.25,5.25,5.25,5.25,0,0,0
2021-03-05,5.25,5.25,5.25,5.25,0,0,0
2021-03-08,4.920000076293945,4.920000076293945,4.920000076293945,4.920000076293945,325,0,0
2021-03-09,4.920000076293945,4.920000076293945,4.920000076293945,4.920000076293945,0,0,0
2021-03-10,4.920000076293945,4.920000076293945,4.920000076293945,4.920000076293945,0,0,0
2021-03-11,4.920000076293945,4.920000076293945,4.920000076293945,4.920000076293945,0,0,0
2021-03-12,4.920000076293945,4.920000076293945,4.920000076293945,4.920000076293945,0,0,0
2021-03-15,4.920000076293945,4.920000076293945,4.920000076293945,4.920000076293945,0,0,0
2021-03-16,4.920000076293945,4.920000076293945,4.920000076293945,4.920000076293945,0,0,0
2021-03-17,5.099999904632568,5.099999904632568,5.099999904632568,5.099999904632568,3,0,0
2021-03-18,5.099999904632568,5.099999904632568,5.099999904632568,5.099999904632568,0,0,0
2021-03-19,5.099999904632568,5.099999904632568,5.099999904632568,5.099999904632568,0,0,0
2021-03-22,5.099999904632568,5.099999904632568,5.099999904632568,5.099999904632568,0,0,0
2021-03-23,5.099999904632568,5.099999904632568,5.099999904632568,5.099999904632568,0,0,0
2021-03-24,5.099999904632568,5.099999904632568,5.099999904632568,5.099999904632568,0,0,0
2021-03-25,5.099999904632568,5.099999904632568,5.099999904632568,5.099999904632568,0,0,0
2021-03-26,5.099999904632568,5.099999904632568,5.099999904632568,5.099999904632568,0,0,0
2021-03-29,5.099999904632568,5.099999904632568,5.099999904632568,5.099999904632568,0,0,0
2021-03-30,5.099999904632568,5.099999904632568,5.099999904632568,5.099999904632568,0,0,0
2021-03-31,5.099999904632568,5.099999904632568,5.099999904632568,5.099999904632568,0,0,0
2021-04-01,5.099999904632568,5.099999904632568,5.099999904632568,5.099999904632568,0,0,0
2021-04-06,5.5,5.5,5.5,5.5,38,0,0
2021-04-07,5.5,5.5,5.5,5.5,0,0,0
2021-04-08,5.5,5.5,5.5,5.5,0,0,0
2021-04-09,5.5,5.5,5.5,5.5,0,0,0
2021-04-12,5.300000190734863,5.300000190734863,5.300000190734863,5.300000190734863,3,0,0
2021-04-13,5.300000190734863,5.300000190734863,5.300000190734863,5.300000190734863,0,0,0
2021-04-14,5.300000190734863,5.300000190734863,5.300000190734863,5.300000190734863,0,0,0
2021-04-15,5.300000190734863,5.300000190734863,5.300000190734863,5.300000190734863,0,0,0
2021-04-16,5.300000190734863,5.300000190734863,5.300000190734863,5.300000190734863,0,0,0
2021-04-19,5.300000190734863,5.300000190734863,5.300000190734863,5.300000190734863,1997,0,0
2021-04-20,5.300000190734863,5.300000190734863,5.300000190734863,5.300000190734863,0,0,0
2021-04-21,5.300000190734863,5.300000190734863,5.300000190734863,5.300000190734863,0,0,0
2021-04-22,5.300000190734863,5.300000190734863,5.300000190734863,5.300000190734863,0,0,0
2021-04-23,5.300000190734863,5.300000190734863,5.300000190734863,5.300000190734863,0,0,0
2021-04-26,5.300000190734863,5.300000190734863,5.300000190734863,5.300000190734863,0,0,0
2021-04-27,4.559999942779541,4.559999942779541,4.559999942779541,4.559999942779541,1,0,0
2021-04-28,4.559999942779541,4.559999942779541,4.559999942779541,4.559999942779541,0,0,0
2021-04-29,4.559999942779541,4.559999942779541,4.559999942779541,4.559999942779541,0,0,0
2021-04-30,5.150000095367432,5.400000095367432,5.150000095367432,5.400000095367432,2216,0,0
2021-05-03,5.699999809265137,5.699999809265137,5.599999904632568,5.599999904632568,969,0,0
2021-05-04,5.599999904632568,5.599999904632568,5.599999904632568,5.599999904632568,0,0,0
2021-05-05,5.699999809265137,5.699999809265137,5.699999809265137,5.699999809265137,1041,0,0
2021-05-06,5.849999904632568,5.849999904632568,5.849999904632568,5.849999904632568,190,0,0
2021-05-07,5.699999809265137,5.699999809265137,5.699999809265137,5.699999809265137,310,0,0
2021-05-10,5.849999904632568,5.900000095367432,5.849999904632568,5.900000095367432,12648,0,0
2021-05-11,5.900000095367432,5.900000095367432,5.900000095367432,5.900000095367432,8900,0,0
2021-05-12,5.5,5.5,5.5,5.5,188,0,0
2021-05-13,5.5,5.5,5.5,5.5,0,0,0
2021-05-14,5.599999904632568,5.599999904632568,5.599999904632568,5.599999904632568,2000,0,0
2021-05-17,5.599999904632568,5.599999904632568,5.599999904632568,5.599999904632568,0,0,0
2021-05-18,5.599999904632568,5.599999904632568,5.599999904632568,5.599999904632568,0,0,0
2021-05-19,5.599999904632568,5.75,5.599999904632568,5.75,751,0,0
2021-05-20,5.75,5.75,5.75,5.75,0,0,0
2021-05-21,5.800000190734863,5.800000190734863,5.800000190734863,5.800000190734863,220,0,0
2021-05-24,5.800000190734863,5.800000190734863,5.800000190734863,5.800000190734863,5200,0,0
2021-05-25,5.900000095367432,5.900000095367432,5.900000095367432,5.900000095367432,7800,0,0
2021-05-26,6.0,6.0,6.0,6.0,60,0,0
2021-05-27,5.800000190734863,5.800000190734863,5.800000190734863,5.800000190734863,300,0,0
2021-05-28,5.800000190734863,5.800000190734863,5.800000190734863,5.800000190734863,875,0,0
2021-05-31,5.800000190734863,5.800000190734863,5.800000190734863,5.800000190734863,0,0,0
2021-06-01,5.800000190734863,5.800000190734863,5.800000190734863,5.800000190734863,0,0,0
2021-06-02,5.800000190734863,5.800000190734863,5.800000190734863,5.800000190734863,300,0,0
2021-06-03,5.800000190734863,5.800000190734863,5.800000190734863,5.800000190734863,0,0,0
2021-06-04,5.800000190734863,5.800000190734863,5.800000190734863,5.800000190734863,2062,0,0
2021-06-07,6.0,6.0,6.0,6.0,354,0,0
2021-06-08,5.800000190734863,5.800000190734863,5.800000190734863,5.800000190734863,3187,0,0
2021-06-09,5.800000190734863,5.800000190734863,5.800000190734863,5.800000190734863,850,0,0
2021-06-10,5.800000190734863,5.800000190734863,5.800000190734863,5.800000190734863,0,0,0
2021-06-11,5.800000190734863,5.800000190734863,5.800000190734863,5.800000190734863,0,0,0
2021-06-14,5.800000190734863,5.800000190734863,5.800000190734863,5.800000190734863,300,0,0
2021-06-15,5.800000190734863,5.800000190734863,5.800000190734863,5.800000190734863,0,0,0
2021-06-16,5.800000190734863,5.800000190734863,5.800000190734863,5.800000190734863,500,0,0
2021-06-17,5.800000190734863,5.800000190734863,5.800000190734863,5.800000190734863,0,0,0
2021-06-18,5.800000190734863,5.800000190734863,5.800000190734863,5.800000190734863,500,0,0
2021-06-21,5.800000190734863,5.800000190734863,5.800000190734863,5.800000190734863,0,0,0
2021-06-22,5.800000190734863,5.800000190734863,5.800000190734863,5.800000190734863,159,0,0
2021-06-23,5.800000190734863,5.800000190734863,5.800000190734863,5.800000190734863,0,0,0
2021-06-24,5.800000190734863,5.800000190734863,5.800000190734863,5.800000190734863,0,0,0
2021-06-25,5.800000190734863,5.800000190734863,5.800000190734863,5.800000190734863,0,0,0
2021-06-28,5.800000190734863,5.800000190734863,5.800000190734863,5.800000190734863,0,0,0
2021-06-29,5.800000190734863,5.800000190734863,5.800000190734863,5.800000190734863,2400,0,0
2021-06-30,5.800000190734863,5.800000190734863,5.800000190734863,5.800000190734863,0,0,0
2021-07-01,5.550000190734863,5.550000190734863,5.550000190734863,5.550000190734863,10,0,0
2021-07-02,5.550000190734863,5.550000190734863,5.550000190734863,5.550000190734863,0,0,0
2021-07-05,5.550000190734863,5.550000190734863,5.550000190734863,5.550000190734863,0,0,0
2021-07-06,5.550000190734863,5.550000190734863,5.550000190734863,5.550000190734863,0,0,0
2021-07-07,5.550000190734863,5.550000190734863,5.550000190734863,5.550000190734863,0,0,0
2021-07-08,5.550000190734863,5.550000190734863,5.550000190734863,5.550000190734863,0,0,0
2021-07-09,5.650000095367432,5.650000095367432,5.650000095367432,5.650000095367432,255,0,0
2021-07-12,5.650000095367432,5.650000095367432,5.650000095367432,5.650000095367432,0,0,0
2021-07-13,5.650000095367432,5.650000095367432,5.650000095367432,5.650000095367432,4,0,0
2021-07-14,5.650000095367432,5.650000095367432,5.650000095367432,5.650000095367432,0,0,0
2021-07-15,5.650000095367432,5.650000095367432,5.650000095367432,5.650000095367432,0,0,0
2021-07-16,5.650000095367432,5.650000095367432,5.650000095367432,5.650000095367432,0,0,0
2021-07-19,5.650000095367432,5.650000095367432,5.650000095367432,5.650000095367432,0,0,0
2021-07-20,5.650000095367432,5.650000095367432,5.650000095367432,5.650000095367432,0,0,0
2021-07-21,5.650000095367432,5.650000095367432,5.650000095367432,5.650000095367432,0,0,0
2021-07-22,5.800000190734863,5.800000190734863,5.800000190734863,5.800000190734863,338,0,0
2021-07-23,5.800000190734863,5.800000190734863,5.800000190734863,5.800000190734863,0,0,0
2021-07-26,5.800000190734863,5.800000190734863,5.800000190734863,5.800000190734863,0,0,0
2021-07-27,5.800000190734863,5.800000190734863,5.800000190734863,5.800000190734863,0,0,0
2021-07-28,5.400000095367432,5.400000095367432,5.400000095367432,5.400000095367432,1376,0,0
2021-07-29,5.800000190734863,5.800000190734863,5.800000190734863,5.800000190734863,167,0,0
2021-07-30,5.800000190734863,5.800000190734863,5.800000190734863,5.800000190734863,110,0,0
2021-08-02,5.800000190734863,5.800000190734863,5.800000190734863,5.800000190734863,8,0,0
2021-08-03,5.800000190734863,5.800000190734863,5.800000190734863,5.800000190734863,0,0,0
2021-08-04,5.800000190734863,5.800000190734863,5.800000190734863,5.800000190734863,0,0,0
2021-08-05,5.599999904632568,5.599999904632568,5.599999904632568,5.599999904632568,53,0,0
2021-08-06,5.599999904632568,5.599999904632568,5.599999904632568,5.599999904632568,0,0,0
2021-08-09,5.599999904632568,5.599999904632568,5.599999904632568,5.599999904632568,0,0,0
2021-08-10,5.599999904632568,5.599999904632568,5.599999904632568,5.599999904632568,150,0,0
2021-08-11,5.599999904632568,5.599999904632568,5.599999904632568,5.599999904632568,0,0,0
2021-08-12,5.599999904632568,5.599999904632568,5.599999904632568,5.599999904632568,0,0,0
2021-08-13,5.599999904632568,5.599999904632568,5.599999904632568,5.599999904632568,0,0,0
2021-08-16,5.599999904632568,5.599999904632568,5.599999904632568,5.599999904632568,0,0,0
2021-08-17,5.599999904632568,5.599999904632568,5.599999904632568,5.599999904632568,0,0,0
2021-08-18,5.599999904632568,5.599999904632568,5.599999904632568,5.599999904632568,0,0,0
2021-08-19,5.599999904632568,5.599999904632568,5.599999904632568,5.599999904632568,0,0,0
2021-08-20,5.599999904632568,5.599999904632568,5.599999904632568,5.599999904632568,0,0,0
2021-08-23,5.599999904632568,5.599999904632568,5.599999904632568,5.599999904632568,0,0,0
2021-08-24,5.599999904632568,5.599999904632568,5.599999904632568,5.599999904632568,0,0,0
2021-08-25,5.599999904632568,5.599999904632568,5.599999904632568,5.599999904632568,0,0,0
2021-08-26,5.599999904632568,5.599999904632568,5.599999904632568,5.599999904632568,0,0,0
2021-08-27,5.599999904632568,5.599999904632568,5.599999904632568,5.599999904632568,0,0,0
2021-08-30,5.599999904632568,5.599999904632568,5.599999904632568,5.599999904632568,0,0,0
2021-08-31,5.599999904632568,5.599999904632568,5.599999904632568,5.599999904632568,0,0,0
2021-09-01,5.599999904632568,5.599999904632568,5.599999904632568,5.599999904632568,0,0,0
2021-09-02,5.599999904632568,5.599999904632568,5.599999904632568,5.599999904632568,0,0,0
2021-09-03,5.599999904632568,5.599999904632568,5.599999904632568,5.599999904632568,0,0,0
2021-09-06,5.599999904632568,5.599999904632568,5.599999904632568,5.599999904632568,0,0,0
2021-09-07,5.599999904632568,5.599999904632568,5.599999904632568,5.599999904632568,0,0,0
2021-09-08,5.599999904632568,5.599999904632568,5.599999904632568,5.599999904632568,0,0,0
2021-09-09,5.599999904632568,5.599999904632568,5.599999904632568,5.599999904632568,0,0,0
2021-09-10,5.599999904632568,5.599999904632568,5.599999904632568,5.599999904632568,0,0,0
2021-09-13,5.599999904632568,5.599999904632568,5.599999904632568,5.599999904632568,0,0,0
2021-09-14,5.599999904632568,5.599999904632568,5.599999904632568,5.599999904632568,0,0,0
2021-09-15,5.599999904632568,5.599999904632568,5.599999904632568,5.599999904632568,0,0,0
2021-09-16,5.599999904632568,5.599999904632568,5.599999904632568,5.599999904632568,0,0,0
2021-09-17,5.599999904632568,5.599999904632568,5.599999904632568,5.599999904632568,0,0,0
2021-09-20,5.599999904632568,5.599999904632568,5.599999904632568,5.599999904632568,0,0,0
2021-09-21,5.599999904632568,5.599999904632568,5.599999904632568,5.599999904632568,0,0,0
2021-09-22,5.599999904632568,5.599999904632568,5.599999904632568,5.599999904632568,0,0,0
2021-09-23,5.599999904632568,5.599999904632568,5.599999904632568,5.599999904632568,0,0,0
2021-09-24,5.599999904632568,5.599999904632568,5.599999904632568,5.599999904632568,0,0,0
2021-09-27,5.25,5.25,5.25,5.25,78,0,0
2021-09-28,5.25,5.25,5.25,5.25,0,0,0
2021-09-29,5.550000190734863,5.550000190734863,5.550000190734863,5.550000190734863,148,0,0
2021-09-30,5.550000190734863,5.550000190734863,5.550000190734863,5.550000190734863,0,0,0
2021-10-01,5.550000190734863,5.550000190734863,5.550000190734863,5.550000190734863,0,0,0
2021-10-04,5.550000190734863,5.550000190734863,5.550000190734863,5.550000190734863,0,0,0
2021-10-05,5.550000190734863,5.550000190734863,5.550000190734863,5.550000190734863,0,0,0
2021-10-06,5.550000190734863,5.550000190734863,5.550000190734863,5.550000190734863,100,0,0
2021-10-07,5.550000190734863,5.550000190734863,5.550000190734863,5.550000190734863,0,0,0
2021-10-08,5.550000190734863,5.550000190734863,5.550000190734863,5.550000190734863,0,0,0
2021-10-11,5.199999809265137,5.199999809265137,5.199999809265137,5.199999809265137,200,0,0
2021-10-12,5.199999809265137,5.199999809265137,5.199999809265137,5.199999809265137,0,0,0
2021-10-13,5.199999809265137,5.199999809265137,5.199999809265137,5.199999809265137,0,0,0
2021-10-14,5.199999809265137,5.199999809265137,5.199999809265137,5.199999809265137,0,0,0
2021-10-15,5.199999809265137,5.199999809265137,5.199999809265137,5.199999809265137,0,0,0
2021-10-18,5.199999809265137,5.199999809265137,5.199999809265137,5.199999809265137,130,0,0
2021-10-19,5.199999809265137,5.199999809265137,5.199999809265137,5.199999809265137,0,0,0
2021-10-20,5.199999809265137,5.199999809265137,5.199999809265137,5.199999809265137,0,0,0
2021-10-21,5.199999809265137,5.199999809265137,5.199999809265137,5.199999809265137,0,0,0
2021-10-22,5.199999809265137,5.199999809265137,5.199999809265137,5.199999809265137,0,0,0
2021-10-25,5.199999809265137,5.199999809265137,5.199999809265137,5.199999809265137,0,0,0
2021-10-26,5.199999809265137,5.199999809265137,5.199999809265137,5.199999809265137,0,0,0
2021-10-27,5.199999809265137,5.199999809265137,5.199999809265137,5.199999809265137,0,0,0
2021-10-28,5.199999809265137,5.199999809265137,5.199999809265137,5.199999809265137,0,0,0
2021-10-29,5.199999809265137,5.199999809265137,5.199999809265137,5.199999809265137,0,0,0
2021-11-01,5.650000095367432,5.650000095367432,5.650000095367432,5.650000095367432,1,0,0
2021-11-02,5.650000095367432,5.650000095367432,5.650000095367432,5.650000095367432,0,0,0
2021-11-03,5.650000095367432,5.650000095367432,5.650000095367432,5.650000095367432,0,0,0
2021-11-04,5.650000095367432,5.650000095367432,5.650000095367432,5.650000095367432,0,0,0
2021-11-05,5.650000095367432,5.650000095367432,5.650000095367432,5.650000095367432,0,0,0
2021-11-08,5.650000095367432,5.650000095367432,5.650000095367432,5.650000095367432,0,0,0
2021-11-09,5.650000095367432,5.650000095367432,5.650000095367432,5.650000095367432,0,0,0
2021-11-10,5.650000095367432,5.650000095367432,5.650000095367432,5.650000095367432,0,0,0
2021-11-11,5.650000095367432,5.650000095367432,5.650000095367432,5.650000095367432,0,0,0
2021-11-12,5.650000095367432,5.650000095367432,5.650000095367432,5.650000095367432,0,0,0
2021-11-15,5.650000095367432,5.650000095367432,5.650000095367432,5.650000095367432,0,0,0
2021-11-16,5.099999904632568,5.099999904632568,5.099999904632568,5.099999904632568,99,0,0
2021-11-17,5.099999904632568,5.099999904632568,5.099999904632568,5.099999904632568,650,0,0
2021-11-18,5.099999904632568,5.099999904632568,5.099999904632568,5.099999904632568,0,0,0
2021-11-19,5.099999904632568,5.099999904632568,5.099999904632568,5.099999904632568,0,0,0
2021-11-22,5.099999904632568,5.099999904632568,5.099999904632568,5.099999904632568,500,0,0
2021-11-23,5.099999904632568,5.099999904632568,5.099999904632568,5.099999904632568,0,0,0
2021-11-24,5.099999904632568,5.099999904632568,5.099999904632568,5.099999904632568,0,0,0
2021-11-25,5.099999904632568,5.099999904632568,5.099999904632568,5.099999904632568,0,0,0
2021-11-26,5.099999904632568,5.099999904632568,5.099999904632568,5.099999904632568,0,0,0
2021-11-29,5.050000190734863,5.050000190734863,5.050000190734863,5.050000190734863,100,0,0
2021-11-30,5.300000190734863,5.300000190734863,5.300000190734863,5.300000190734863,2319,0,0
2021-12-01,5.300000190734863,5.300000190734863,5.300000190734863,5.300000190734863,4,0,0
2021-12-02,5.300000190734863,5.300000190734863,5.300000190734863,5.300000190734863,0,0,0
2021-12-03,5.0,5.0,5.0,5.0,21,0,0
2021-12-06,5.0,5.0,5.0,5.0,0,0,0
2021-12-07,5.0,5.050000190734863,5.0,5.050000190734863,400,0,0
2021-12-08,5.050000190734863,5.050000190734863,5.050000190734863,5.050000190734863,0,0,0
2021-12-09,5.050000190734863,5.050000190734863,5.050000190734863,5.050000190734863,0,0,0
2021-12-10,5.050000190734863,5.050000190734863,5.050000190734863,5.050000190734863,0,0,0
2021-12-13,5.050000190734863,5.050000190734863,5.050000190734863,5.050000190734863,0,0,0
2021-12-14,5.050000190734863,5.050000190734863,5.050000190734863,5.050000190734863,0,0,0
2021-12-15,5.050000190734863,5.050000190734863,5.050000190734863,5.050000190734863,0,0,0
2021-12-16,5.050000190734863,5.050000190734863,5.050000190734863,5.050000190734863,0,0,0
2021-12-17,5.050000190734863,5.050000190734863,5.050000190734863,5.050000190734863,0,0,0
2021-12-20,5.050000190734863,5.050000190734863,5.050000190734863,5.050000190734863,0,0,0
2021-12-21,5.050000190734863,5.050000190734863,5.050000190734863,5.050000190734863,0,0,0
2021-12-22,5.050000190734863,5.050000190734863,5.050000190734863,5.050000190734863,0,0,0
2021-12-23,5.099999904632568,5.099999904632568,5.099999904632568,5.099999904632568,1000,0,0
2021-12-24,5.099999904632568,5.099999904632568,5.099999904632568,5.099999904632568,372,0,0
2021-12-27,5.199999809265137,5.199999809265137,4.860000133514404,4.860000133514404,3585,0,0
2021-12-28,4.639999866485596,5.0,4.639999866485596,5.0,1623,0,0
2021-12-29,5.0,5.0,5.0,5.0,7710,0,0
2021-12-30,4.639999866485596,4.639999866485596,4.639999866485596,4.639999866485596,1501,0,0
2021-12-31,4.639999866485596,4.639999866485596,4.639999866485596,4.639999866485596,0,0,0
2022-01-03,4.639999866485596,4.639999866485596,4.639999866485596,4.639999866485596,551,0,0
2022-01-04,5.099999904632568,5.099999904632568,5.099999904632568,5.099999904632568,91,0,0
2022-01-05,5.400000095367432,5.400000095367432,5.400000095367432,5.400000095367432,200,0,0
2022-01-06,5.400000095367432,5.400000095367432,5.400000095367432,5.400000095367432,0,0,0
2022-01-07,5.400000095367432,5.400000095367432,5.400000095367432,5.400000095367432,0,0,0
2022-01-10,5.400000095367432,5.400000095367432,5.400000095367432,5.400000095367432,0,0,0
2022-01-11,5.150000095367432,5.150000095367432,5.150000095367432,5.150000095367432,83,0,0
2022-01-12,5.150000095367432,5.150000095367432,5.150000095367432,5.150000095367432,0,0,0
2022-01-13,5.150000095367432,5.150000095367432,5.150000095367432,5.150000095367432,0,0,0
2022-01-14,5.150000095367432,5.150000095367432,5.150000095367432,5.150000095367432,0,0,0
2022-01-17,5.150000095367432,5.150000095367432,5.150000095367432,5.150000095367432,0,0,0
2022-01-18,5.150000095367432,5.150000095367432,5.150000095367432,5.150000095367432,2542,0,0
2022-01-19,5.150000095367432,5.150000095367432,5.150000095367432,5.150000095367432,0,0,0
2022-01-20,5.099999904632568,5.099999904632568,5.099999904632568,5.099999904632568,2052,0,0
2022-01-21,5.099999904632568,5.099999904632568,5.099999904632568,5.099999904632568,0,0,0
2022-01-24,5.099999904632568,5.099999904632568,5.099999904632568,5.099999904632568,245,0,0
2022-01-25,4.800000190734863,4.800000190734863,4.800000190734863,4.800000190734863,11570,0,0
2022-01-26,4.820000171661377,4.820000171661377,4.820000171661377,4.820000171661377,298,0,0
2022-01-27,4.820000171661377,4.820000171661377,4.820000171661377,4.820000171661377,0,0,0
2022-01-28,4.820000171661377,4.820000171661377,4.820000171661377,4.820000171661377,0,0,0
2022-01-31,4.820000171661377,4.820000171661377,4.820000171661377,4.820000171661377,0,0,0
2022-02-01,5.300000190734863,5.300000190734863,5.050000190734863,5.050000190734863,1049,0,0
2022-02-02,5.050000190734863,5.050000190734863,5.050000190734863,5.050000190734863,25,0,0
2022-02-03,5.050000190734863,5.050000190734863,5.050000190734863,5.050000190734863,0,0,0
2022-02-04,5.050000190734863,5.050000190734863,5.050000190734863,5.050000190734863,0,0,0
2022-02-07,5.050000190734863,5.050000190734863,5.050000190734863,5.050000190734863,0,0,0
2022-02-08,5.050000190734863,5.050000190734863,5.050000190734863,5.050000190734863,0,0,0
2022-02-09,5.050000190734863,5.050000190734863,5.050000190734863,5.050000190734863,0,0,0
2022-02-10,5.050000190734863,5.050000190734863,5.050000190734863,5.050000190734863,0,0,0
2022-02-11,5.25,5.25,5.25,5.25,188,0,0
2022-02-14,5.25,5.25,5.25,5.25,0,0,0
2022-02-15,5.25,5.25,5.25,5.25,0,0,0
2022-02-16,5.449999809265137,5.900000095367432,5.449999809265137,5.900000095367432,4705,0,0
2022-02-17,6.449999809265137,6.900000095367432,6.449999809265137,6.900000095367432,5418,0,0
2022-02-18,7.449999809265137,7.449999809265137,7.400000095367432,7.400000095367432,2804,0,0
2022-02-21,7.0,7.0,7.0,7.0,3364,0,0
2022-02-22,6.599999904632568,7.0,6.599999904632568,7.0,990,0,0
2022-02-23,7.0,7.0,6.949999809265137,6.949999809265137,700,0,0
2022-02-24,6.900000095367432,6.900000095367432,6.900000095367432,6.900000095367432,448,0,0
2022-02-25,6.949999809265137,6.949999809265137,6.949999809265137,6.949999809265137,150,0,0
2022-02-28,6.949999809265137,6.949999809265137,6.949999809265137,6.949999809265137,345,0,0
2022-03-01,6.900000095367432,6.949999809265137,6.900000095367432,6.949999809265137,4601,0,0
2022-03-02,6.949999809265137,7.449999809265137,6.949999809265137,7.449999809265137,1080,0,0
2022-03-03,7.449999809265137,7.449999809265137,7.449999809265137,7.449999809265137,2490,0,0
2022-03-04,7.349999904632568,7.349999904632568,7.349999904632568,7.349999904632568,1000,0,0
